content_id, title                 , platform    , content_type    , genre      , language  , country       , age_rating, release_year, release_month, seasons, episodes, runtime_min, imdb_score, rotten_tomatoes_pct, audience_score_pct, monthly_views_millions, avg_watch_time_min, completion_rate_pct, rewatches, subscribers_gained, subscribers_lost, revenue_usd_millions, production_cost_usd_millions, primary_device, subscription_plan, resolution, user_reviews, likes  , shares, available_in_countries, subtitles_available, dubbed_languages, is_original, is_award_winning, is_trending
         1, Backlash 4            , Hulu        , Series          , Action     , Spanish   , Australia     , PG        ,         2024,             7,       1,        6,          27,        5.2,                  84,                 33,                  53.36,               23.6,                74.7,         3,             115574,            58878,                29.48,                       161.98, Smart TV      , Basic            , 4K        ,       178439,  582838,  81526,                     60,                  22,                3, Yes        , No              , Yes
         2, Deadlock              , HBO Max     , Movie           , Biography  , Italian   , Brazil        , PG        ,         2021,             2,        ,         ,         145,        5.6,                  99,                 76,                  54.89,              106.6,                23.6,         1,             405310,            37930,                49.26,                       171.14, Smart TV      , Standard         , Full HD   ,       237767, 1333226, 437324,                     98,                  11,               11, No         , Yes             , No
         3, Overload              , Amazon Prime, Stand-Up Special, Fantasy    , French    , Brazil        , R         ,         2017,             8,        ,         ,         123,        5.5,                  91,                 58,                  65.07,              106.0,                80.5,         1,             430861,             4207,                40.26,                        80.53, Smart TV      , Basic            , Full HD   ,       111527, 1374654, 261750,                    106,                  30,                4, No         , Yes             , Yes
         4, Nexus                 , HBO Max     , Stand-Up Special, Sci-Fi     , Mandarin  , Germany       , TV-14     ,         2018,             3,        ,         ,         140,        6.7,                  26,                 44,                  14.6 ,               35.0,                73.1,         4,              33306,            50432,                19.11,                       199.23, Desktop       , Standard         , SD        ,       356714, 1511563,  60068,                    179,                  35,                8, No         , Yes             , No
         5, Crossfire 2           , HBO Max     , Stand-Up Special, Action     , Portuguese, United Kingdom, TV-MA     ,         2023,            10,        ,         ,         100,        4.8,                  40,                 99,                  90.59,               93.4,                91.6,         4,             169951,            64042,                 1.02,                       185.86, Tablet        , Basic            , SD        ,       126336, 1841419, 297468,                     25,                   6,               15, Yes        , Yes             , Yes
         6, Flashback             , Disney+     , Mini-Series     , Animation  , Mandarin  , Germany       , R         ,         2023,            12,       1,        8,          36,        7.9,                  71,                 77,                  41.68,               25.9,                29.4,         1,              33568,            44313,                 1.1 ,                       111.01, Desktop       , Basic            , SD        ,        37270, 1484550, 330889,                     20,                  15,                2, Yes        , No              , Yes
         7, The Pursuit of Truth  , Paramount+  , Series          , Animation  , French    , Mexico        , TV-G      ,         2018,             8,       7,       84,          28,        4.5,                  75,                 75,                  40.3 ,               21.1,                76.9,         5,             342598,            84696,                 4.97,                        80.82, Tablet        , Basic            , HD        ,       100498,  398996, 281178,                    119,                   9,               13, Yes        , No              , No
         8, The Verdict           , Amazon Prime, Documentary     , Animation  , Spanish   , United States , G         ,         2016,             4,       1,        7,         107,        6.6,                  71,                 37,                  15.72,               15.2,                50.5,         3,             149552,            55444,                34.84,                       146.24, Desktop       , Premium          , 4K        ,        81208,  398344, 155570,                     60,                   4,                1, No         , Yes             , Yes
         9, Deadfall              , Disney+     , Movie           , Animation  , Spanish   , India         , PG        ,         2024,             2,        ,         ,         161,        8.7,                  71,                 45,                  89.46,               98.2,                65.2,         0,             324734,            10745,                20.99,                       116.94, Desktop       , Standard         , Full HD   ,       107140, 1404617, 375500,                     85,                  16,                8, No         , Yes             , No
        10, Darkroom Files        , Amazon Prime, Movie           , Documentary, Mandarin  , Canada        , PG        ,         2016,             9,        ,         ,         102,        6.8,                  36,                 74,                  83.69,               91.5,                48.8,         1,             229734,            71200,                35.19,                       122.53, Gaming Console, Premium          , SD        ,       350202, 1713691, 290781,                     81,                   7,                4, No         , Yes             , Yes
        11, Nexus                 , HBO Max     , Mini-Series     , Crime      , Hindi     , Mexico        , TV-14     ,         2018,            11,       1,        8,          57,        5.5,                  82,                 62,                  86.02,               50.5,                27.2,         3,             434817,            36265,                 2.25,                        67.04, Mobile        , Premium          , Full HD   ,        84765, 1554573, 231659,                    146,                  28,                0, Yes        , Yes             , Yes
        12, Freefall 4            , Disney+     , Documentary     , Action     , English   , Japan         , TV-14     ,         2015,             6,       1,        4,          58,        5.9,                  91,                 82,                  92.52,               47.2,                92.2,         1,             453302,            21299,                48.81,                       162.25, Laptop        , Basic            , HD        ,       386221, 1938890, 174170,                    110,                  16,                8, Yes        , Yes             , No
        13, The Forgotten         , Hulu        , Series          , Documentary, Japanese  , Japan         , R         ,         2018,             1,       4,       72,          43,        5.5,                  28,                 65,                  33.42,               29.3,                73.0,         4,             173617,             3617,                 5.81,                       194.09, Mobile        , Premium          , Full HD   ,        20107,  227436, 312785,                    116,                  23,               10, No         , Yes             , No
        14, Firestorm 2           , Peacock     , Movie           , Animation  , Portuguese, Australia     , R         ,         2020,             7,        ,         ,          83,        9.2,                  62,                 70,                  63.06,               23.5,                90.2,         4,             162154,            87410,                20.45,                        80.78, Tablet        , Premium          , HD        ,       100629,  881839, 348624,                    102,                  12,                9, No         , Yes             , No
        15, The Heist             , Apple TV+   , Documentary     , Documentary, Italian   , Australia     , R         ,         2023,             8,       1,        2,          81,        6.8,                  99,                 72,                   8.96,               77.8,                38.3,         2,             117776,            26100,                 7.41,                         9.72, Laptop        , Premium          , SD        ,       238819,  869245, 464600,                    166,                  37,                6, No         , No              , No
        16, The Verdict 2         , Amazon Prime, Documentary     , Thriller   , French    , Mexico        , TV-G      ,         2015,             9,       1,        2,         103,        4.7,                  79,                 97,                  93.85,               67.4,                94.1,         3,             321206,            94276,                44.61,                        85.63, Desktop       , Standard         , HD        ,       389939, 1806785, 248876,                    120,                  17,                7, No         , No              , Yes
        17, Darkroom              , HBO Max     , Series          , Horror     , Japanese  , France        , PG        ,         2017,             3,       4,       72,          31,        7.9,                  28,                 83,                  38.78,               23.7,                52.4,         1,             436674,            55069,                19.5 ,                       154.07, Gaming Console, Basic            , 4K        ,       250124,   12464, 494278,                     95,                  20,               12, No         , Yes             , No
        18, The Covenant          , Paramount+  , Movie           , Sci-Fi     , Japanese  , Australia     , TV-PG     ,         2017,             8,        ,         ,          91,        9.4,                  88,                 33,                  86.17,               60.0,                71.7,         0,             336985,            56179,                 6.83,                        92.61, Smart TV      , Standard         , 4K        ,       171677,  443983, 238403,                     88,                  22,               12, No         , No              , No
        19, Spectrum 2            , Netflix     , Mini-Series     , Thriller   , Spanish   , Australia     , G         ,         2015,             4,       1,        4,          56,        4.1,                  39,                 60,                  12.08,               42.4,                64.0,         1,             243811,            91680,                12.85,                        74.09, Desktop       , Premium          , SD        ,       407836, 1718299,  85870,                     84,                   7,                0, No         , No              , No
        20, Reboot 3              , Amazon Prime, Mini-Series     , Fantasy    , Mandarin  , United Kingdom, G         ,         2020,             9,       1,        6,          51,        6.0,                  84,                 73,                   1.3 ,               30.1,                58.2,         3,             189890,            83307,                44.58,                        92.22, Mobile        , Standard         , HD        ,       384770, 1094282, 341037,                     74,                  40,               15, No         , No              , No
        21, Borderline            , Amazon Prime, Mini-Series     , Documentary, Hindi     , Spain         , TV-PG     ,         2020,             1,       1,        6,          57,        5.8,                  82,                 57,                  33.77,               25.9,                41.8,         4,             367622,            36211,                27.81,                       103.57, Mobile        , Basic            , HD        ,       377576,  852441, 256165,                    147,                  16,               15, No         , No              , Yes
        22, The Outsider          , Peacock     , Series          , Horror     , Mandarin  , France        , TV-G      ,         2023,             9,       6,      114,          57,        5.8,                  78,                 64,                  29.2 ,               24.7,                76.3,         2,              62681,            97370,                26.82,                       152.56, Mobile        , Basic            , HD        ,       387291, 1015538, 144975,                    190,                  38,                9, Yes        , Yes             , No
        23, Phantom Signal        , HBO Max     , Movie           , Biography  , Portuguese, India         , TV-MA     ,         2015,             1,        ,         ,         145,        5.6,                  36,                 92,                   9.84,               16.6,                42.2,         3,             230932,            44657,                 9.26,                        10.75, Laptop        , Basic            , SD        ,       210136, 1031367,  38850,                    152,                   4,                4, Yes        , No              , Yes
        24, The Verdict 5         , Hulu        , Stand-Up Special, Sci-Fi     , Italian   , Spain         , TV-MA     ,         2024,             7,        ,         ,         114,        7.1,                  27,                 42,                  90.03,               35.6,                36.5,         5,              42565,            20585,                12.03,                       110.62, Mobile        , Basic            , 4K        ,       236243, 1445816, 311338,                    125,                  19,                1, Yes        , No              , No
        25, Overload              , Amazon Prime, Series          , Horror     , Mandarin  , Australia     , R         ,         2021,             2,       4,       40,          39,        8.5,                  29,                 37,                  15.85,               22.4,                78.4,         4,             482970,            37828,                21.99,                        94.01, Tablet        , Premium          , 4K        ,       494283,  571041, 262401,                    143,                  32,               14, Yes        , Yes             , No
        26, Threshold             , HBO Max     , Movie           , Comedy     , Hindi     , Australia     , G         ,         2019,            10,        ,         ,          80,        8.2,                  42,                 90,                  49.35,               43.7,                41.7,         4,             228529,            83202,                40.72,                       193.83, Laptop        , Standard         , 4K        ,       174799,  673407, 351352,                     31,                  11,               10, No         , No              , No
        27, Flashback             , Netflix     , Documentary     , Comedy     , Japanese  , Japan         , TV-14     ,         2016,             7,       1,        9,         104,        6.3,                  44,                 96,                  34.43,               82.3,                68.8,         0,             106723,            35003,                27.48,                       185.57, Laptop        , Premium          , 4K        ,        63712,   60643, 330323,                    160,                  16,                5, No         , Yes             , No
        28, The Outsider          , Amazon Prime, Documentary     , Comedy     , French    , Spain         , TV-MA     ,         2023,            12,        ,         ,          98,        8.6,                  80,                 61,                  43.45,               27.0,                34.9,         4,             266464,            97818,                43.97,                       172.87, Tablet        , Standard         , Full HD   ,       489865, 1652063, 266210,                     73,                   1,                9, No         , No              , Yes
        29, Rising Sun            , Apple TV+   , Mini-Series     , Animation  , Portuguese, Germany       , TV-G      ,         2020,             4,       1,        8,          37,        7.1,                  49,                 82,                   4.24,               31.4,                75.0,         3,             202416,            86991,                39.63,                       130.58, Mobile        , Standard         , SD        ,        66239, 1053480, 309434,                     89,                   7,               14, Yes        , No              , Yes
        30, Override 3            , Amazon Prime, Documentary     , Horror     , Japanese  , Canada        , TV-PG     ,         2016,             6,        ,         ,          85,        7.4,                  82,                 99,                   3.51,               19.8,                69.2,         2,             119268,            97880,                 4.56,                       195.68, Gaming Console, Premium          , SD        ,       232665,  348992, 363866,                     81,                   2,                1, No         , Yes             , No
        31, Deadlock              , Disney+     , Series          , Animation  , German    , Canada        , PG-13     ,         2017,             3,       2,       36,          37,        6.7,                  94,                 48,                  22.13,               29.0,                55.8,         5,               4926,            60981,                45.07,                       135.68, Mobile        , Basic            , 4K        ,       495625,  724803, 308066,                     81,                  28,                8, No         , No              , Yes
        32, Flashpoint            , Amazon Prime, Series          , Sci-Fi     , Mandarin  , France        , TV-MA     ,         2019,             1,       7,       98,          22,        7.1,                  26,                 93,                  79.14,               21.3,                80.5,         1,             318276,            46179,                10.99,                        38.43, Tablet        , Premium          , HD        ,       329432,  203867, 473653,                    165,                   3,                9, No         , Yes             , No
        33, Catalyst 4            , Apple TV+   , Documentary     , Action     , Hindi     , India         , TV-14     ,         2023,             9,        ,         ,          66,        5.4,                  81,                 67,                  70.95,               32.3,                29.0,         0,              73797,            98848,                48.33,                       172.1 , Gaming Console, Premium          , 4K        ,       443463, 1687442, 292202,                     98,                   6,               12, Yes        , No              , Yes
        34, Darkroom Files        , HBO Max     , Stand-Up Special, Sci-Fi     , Japanese  , United Kingdom, R         ,         2022,             1,        ,         ,         154,        8.9,                  91,                 71,                  86.96,               45.8,                24.9,         3,             476781,            91891,                15.14,                        81.96, Mobile        , Basic            , SD        ,       159624, 1033208,  60890,                     29,                  16,                4, No         , No              , No
        35, Burnout               , Peacock     , Stand-Up Special, Biography  , French    , Germany       , PG        ,         2022,            10,        ,         ,         127,        9.2,                  55,                 34,                  65.61,               39.3,                54.7,         1,             448502,            47537,                 5.01,                       137.29, Desktop       , Premium          , Full HD   ,        31795,  835059, 144651,                     53,                   8,               14, Yes        , Yes             , Yes
        36, Blue Horizon          , Hulu        , Series          , Crime      , Hindi     , United Kingdom, R         ,         2024,             4,       4,       64,          31,        8.3,                  96,                 30,                  26.41,               30.7,                97.0,         4,             131414,            22871,                 5.54,                       173.36, Mobile        , Basic            , Full HD   ,       414229, 1653560, 124754,                    155,                  21,                0, Yes        , No              , Yes
        37, Cold Case Files       , Amazon Prime, Movie           , Documentary, Italian   , France        , PG        ,         2022,             9,        ,         ,         103,        9.2,                  25,                 96,                  28.72,               71.6,                22.4,         3,             444228,            52640,                21.34,                        22.04, Gaming Console, Standard         , SD        ,       471524,  169529, 168889,                    160,                  10,                2, Yes        , No              , No
        38, The Renegade          , HBO Max     , Documentary     , Animation  , Mandarin  , Germany       , PG        ,         2016,            11,       1,        7,         102,        8.9,                  72,                 73,                  78.62,               49.7,                76.9,         2,             223747,            40963,                33.27,                        75.17, Mobile        , Premium          , 4K        ,        35247,  191412, 436098,                     26,                   6,               13, Yes        , No              , Yes
        39, Stormfront 4          , Amazon Prime, Documentary     , Romance    , German    , Mexico        , G         ,         2019,            10,        ,         ,          90,        4.6,                  84,                 57,                  14.78,               51.2,                86.1,         2,             443219,            72910,                18.41,                       152.64, Desktop       , Basic            , 4K        ,       443154, 1176530, 402365,                    164,                  40,                0, No         , Yes             , Yes
        40, The Confession        , HBO Max     , Mini-Series     , Romance    , English   , India         , PG-13     ,         2024,            11,       1,        6,          32,        4.8,                  23,                 41,                  70.91,               18.7,                52.7,         2,              82527,            48503,                15.62,                        65.21, Desktop       , Premium          , SD        ,       463175,  110428,  81578,                     45,                  40,                1, Yes        , No              , No
        41, Flashback             , Paramount+  , Documentary     , Horror     , Hindi     , Brazil        , PG        ,         2020,             7,       1,        5,         120,        6.7,                  59,                 35,                  21.03,              118.4,                24.3,         1,             158030,            27686,                38.38,                       152.95, Tablet        , Standard         , SD        ,         4102, 1043192, 391660,                    115,                  12,                4, No         , Yes             , No
        42, Lost Signal           , Netflix     , Documentary     , Drama      , Italian   , United Kingdom, TV-14     ,         2024,             7,        ,         ,          98,        5.6,                  71,                 32,                  91.79,               29.3,                93.9,         3,             436221,            90388,                45.99,                        18.08, Smart TV      , Basic            , 4K        ,       308788,  839904, 274717,                     25,                  26,                9, No         , Yes             , No
        43, Vertex 2              , Hulu        , Mini-Series     , Romance    , French    , South Korea   , PG        ,         2017,             5,       1,        4,          35,        7.3,                  29,                 52,                  90.38,               27.6,                56.2,         4,             398394,            75952,                22.47,                       184.87, Desktop       , Premium          , Full HD   ,       453164, 1315470, 165757,                     43,                  29,                2, No         , No              , No
        44, Orbit                 , Netflix     , Mini-Series     , Animation  , Spanish   , Japan         , TV-G      ,         2022,             1,       1,        3,          41,        8.6,                  29,                 41,                  58.46,               28.2,                56.1,         4,             415140,            96851,                44.8 ,                        90.22, Desktop       , Premium          , HD        ,       168622, 1268889, 249376,                    133,                  10,                1, No         , Yes             , No
        45, Reboot 3              , Netflix     , Series          , Biography  , Italian   , Spain         , PG-13     ,         2020,             6,       5,       90,          48,        8.3,                  96,                 36,                  75.0 ,               36.4,                25.1,         0,             292533,            88916,                19.36,                        50.77, Gaming Console, Premium          , HD        ,       174827,  171022, 305533,                    174,                  10,               11, No         , No              , Yes
        46, Blowback              , Amazon Prime, Mini-Series     , Animation  , German    , Australia     , TV-14     ,         2017,            11,       1,        8,          56,        9.2,                  87,                 41,                  61.41,               32.4,                48.2,         2,             161934,            23627,                47.56,                        68.68, Laptop        , Basic            , HD        ,        72173,  325043,  40466,                     80,                   7,                1, No         , Yes             , No
        47, Iron Will 3           , Paramount+  , Movie           , Sci-Fi     , Japanese  , Australia     , R         ,         2022,            10,        ,         ,         111,        8.1,                  77,                 59,                  50.78,               44.7,                83.1,         3,             473942,            25430,                18.42,                       189.45, Laptop        , Standard         , Full HD   ,       408011,  800944, 263677,                    140,                  27,                5, Yes        , Yes             , No
        48, Blue Horizon          , Apple TV+   , Stand-Up Special, Comedy     , Portuguese, United Kingdom, TV-MA     ,         2016,             3,        ,         ,         109,        6.5,                  85,                 48,                  78.97,               23.6,                91.0,         3,             463800,            45820,                46.53,                        83.27, Laptop        , Premium          , Full HD   ,       123665,  809949,  42794,                    100,                  15,                0, No         , Yes             , No
        49, Orbit 2               , HBO Max     , Documentary     , Biography  , French    , Mexico        , TV-G      ,         2022,            10,       1,        2,          47,        5.4,                  39,                 97,                  40.27,               39.8,                38.5,         0,              25034,            31252,                21.02,                       158.88, Laptop        , Basic            , SD        ,       438715, 1898330, 262064,                    157,                  35,                0, Yes        , Yes             , No
        50, Iron Fist 4           , Hulu        , Stand-Up Special, Sci-Fi     , French    , Australia     , PG        ,         2023,             6,        ,         ,          83,        9.2,                  89,                 94,                  74.73,               49.5,                21.6,         3,              22824,            83318,                19.37,                        74.97, Gaming Console, Basic            , Full HD   ,       413461,  141782, 180785,                     66,                   7,               10, Yes        , Yes             , No
        51, Freefall              , Disney+     , Documentary     , Biography  , Italian   , Australia     , PG-13     ,         2017,             2,        ,         ,          49,        5.6,                  25,                 55,                  84.16,               25.7,                44.2,         3,             427507,            71176,                23.7 ,                         7.81, Gaming Console, Basic            , Full HD   ,       187207, 1808135, 409395,                     17,                  22,                8, Yes        , No              , No
        52, The Wanderer          , Peacock     , Mini-Series     , Action     , Italian   , Mexico        , TV-G      ,         2020,             9,       1,        5,          55,        4.5,                  74,                 40,                  40.96,               54.8,                34.1,         2,             168407,            13447,                 4.05,                       132.35, Tablet        , Standard         , 4K        ,        87419, 1446641, 232745,                     94,                  29,                1, No         , No              , No
        53, Backlash              , Netflix     , Movie           , Fantasy    , German    , France        , PG-13     ,         2015,             3,        ,         ,         152,        7.7,                  76,                 34,                  12.08,               47.3,                70.3,         2,             200725,            74349,                 1.67,                        31.11, Laptop        , Standard         , Full HD   ,       232802, 1600404,  40320,                    151,                   9,               11, No         , No              , No
        54, The Verdict           , Netflix     , Series          , Documentary, Portuguese, Germany       , PG        ,         2019,             5,       8,       96,          40,        7.8,                  82,                 55,                  11.74,               36.3,                55.3,         5,             233366,            11506,                40.54,                       193.53, Tablet        , Premium          , Full HD   ,       372053,  136287, 288366,                    143,                  19,                9, Yes        , Yes             , No
        55, The Pursuit of Truth  , Hulu        , Series          , Thriller   , Italian   , United States , TV-14     ,         2023,            10,       6,      120,          57,        4.7,                  31,                 38,                  29.45,               57.0,                76.1,         4,             215374,            53665,                41.18,                        15.21, Tablet        , Premium          , SD        ,       235966,  977023, 356582,                    137,                  23,                4, Yes        , Yes             , No
        56, Deadlock City         , Netflix     , Movie           , Animation  , French    , Japan         , PG-13     ,         2017,             6,        ,         ,         165,        5.2,                  86,                 66,                  80.38,               52.6,                69.5,         4,             143891,            16406,                31.27,                       123.08, Smart TV      , Premium          , HD        ,       310328, 1974792, 304435,                     44,                  11,               10, Yes        , Yes             , Yes
        57, Crimson Tide          , HBO Max     , Series          , Crime      , German    , Canada        , G         ,         2022,            11,       5,       75,          52,        5.3,                  71,                 68,                  43.14,               40.5,                32.3,         3,             253887,            60875,                10.24,                       121.53, Tablet        , Premium          , Full HD   ,       384982, 1805280, 181083,                    107,                   9,               11, Yes        , No              , Yes
        58, The Heist Plan 5      , Hulu        , Series          , Comedy     , English   , Japan         , TV-PG     ,         2024,             7,       4,       44,          42,        9.1,                  60,                 54,                  72.52,               28.5,                60.1,         3,             460888,            40441,                24.89,                        18.46, Laptop        , Premium          , 4K        ,       126261,  451290, 305850,                     95,                   4,                1, No         , No              , No
        59, The Heist             , Amazon Prime, Documentary     , Action     , Korean    , Mexico        , TV-14     ,         2021,             6,       1,        7,          51,        7.1,                  44,                 76,                  52.6 ,               17.6,                59.3,         4,             146654,            81689,                34.04,                        24.2 , Smart TV      , Standard         , Full HD   ,       416805,  711213, 292474,                     98,                  10,                6, No         , Yes             , Yes
        60, The Forgotten 4       , Paramount+  , Stand-Up Special, Documentary, French    , Canada        , PG-13     ,         2020,            10,        ,         ,         115,        4.9,                  98,                 68,                  56.44,               65.7,                59.8,         3,             371583,            73783,                15.02,                       163.24, Tablet        , Standard         , SD        ,       218437, 1224212, 161321,                    190,                   2,               15, No         , Yes             , Yes
        61, Deadfall              , Peacock     , Series          , Fantasy    , Hindi     , United States , PG        ,         2018,             1,       8,      128,          48,        4.8,                  46,                 82,                  47.72,               35.2,                56.8,         5,             381368,             8163,                35.3 ,                       103.98, Desktop       , Standard         , 4K        ,       275551,  790358, 164506,                     49,                  30,               10, No         , No              , No
        62, Burning Bridges       , HBO Max     , Stand-Up Special, Horror     , Hindi     , Japan         , TV-MA     ,         2018,            12,        ,         ,         165,        6.7,                  81,                 74,                  53.29,              155.2,                76.3,         2,              63897,            75166,                33.85,                        76.25, Laptop        , Standard         , HD        ,       152330,   88319, 150811,                    187,                   6,               11, No         , No              , No
        63, Wildfire              , HBO Max     , Stand-Up Special, Biography  , Korean    , India         , PG        ,         2024,            12,        ,         ,         150,        5.3,                  26,                 97,                  21.52,               46.4,                27.8,         2,             376102,            61918,                 5.07,                       154.27, Smart TV      , Premium          , HD        ,       213386, 1369315, 490236,                    126,                  31,                6, No         , No              , No
        64, Breakdown 2           , Hulu        , Stand-Up Special, Biography  , English   , India         , TV-PG     ,         2017,             1,        ,         ,         125,        8.3,                  43,                 67,                  83.3 ,               16.0,                64.3,         0,             486777,            43914,                14.26,                       197.83, Desktop       , Premium          , 4K        ,       466278, 1968404,  70369,                    134,                  30,                8, Yes        , Yes             , No
        65, The Divide            , HBO Max     , Series          , Drama      , Japanese  , Japan         , R         ,         2017,            10,       7,      133,          54,        5.8,                  71,                 42,                  17.64,               20.5,                45.2,         1,               3580,            34181,                19.21,                        89.62, Tablet        , Standard         , Full HD   ,       305427, 1516094, 300362,                      7,                  17,               11, Yes        , Yes             , Yes
        66, The Heist Plan        , Peacock     , Stand-Up Special, Biography  , Korean    , Mexico        , PG        ,         2019,             6,        ,         ,         153,        5.2,                  37,                 91,                  14.64,              118.2,                67.2,         3,             368019,            71989,                45.64,                       151.59, Gaming Console, Basic            , HD        ,       356745, 1582903, 312388,                     25,                  34,               14, No         , Yes             , Yes
        67, Shadow Protocol       , Hulu        , Stand-Up Special, Animation  , French    , India         , TV-14     ,         2023,             8,        ,         ,          89,        7.7,                  94,                 92,                   8.73,               52.8,                83.1,         3,              69176,            67272,                20.8 ,                       113.0 , Desktop       , Standard         , Full HD   ,       379257,   45755, 207601,                     70,                   1,                6, Yes        , Yes             , No
        68, The Informant         , Netflix     , Movie           , Documentary, English   , Japan         , TV-PG     ,         2017,             3,        ,         ,         173,        7.5,                  73,                 77,                  94.32,               75.4,                87.8,         3,             196946,            10518,                34.15,                       132.53, Desktop       , Basic            , Full HD   ,        62247,  374386, 281688,                    105,                  34,                4, Yes        , Yes             , Yes
        69, The Witness           , Peacock     , Stand-Up Special, Sci-Fi     , Hindi     , South Korea   , TV-G      ,         2020,             3,        ,         ,         110,        5.0,                  34,                 34,                  76.92,               54.8,                79.8,         0,             126178,            27011,                 3.41,                       118.99, Laptop        , Premium          , SD        ,       128361, 1553127,  23202,                    107,                  29,                7, Yes        , Yes             , Yes
        70, Deadlock City         , Hulu        , Stand-Up Special, Romance    , Mandarin  , Canada        , TV-14     ,         2018,             5,        ,         ,          93,        9.4,                  86,                 58,                  39.35,               36.5,                63.4,         4,             461223,            96365,                45.58,                       125.39, Laptop        , Premium          , 4K        ,        24630,  722390, 493672,                    169,                  25,               10, No         , No              , Yes
        71, The Witness           , Paramount+  , Series          , Thriller   , Korean    , Mexico        , PG-13     ,         2022,             1,       7,      133,          57,        6.9,                  69,                 61,                  24.3 ,               28.9,                26.2,         3,             444141,            48637,                 4.67,                       145.05, Mobile        , Basic            , Full HD   ,       197794, 1412892, 317188,                    159,                   3,                2, Yes        , Yes             , No
        72, Fractured             , Apple TV+   , Mini-Series     , Drama      , Hindi     , South Korea   , PG        ,         2022,             4,       1,        8,          49,        7.9,                  70,                 60,                  52.49,               41.4,                49.7,         4,             340116,            47088,                15.46,                        72.25, Laptop        , Standard         , SD        ,       420957, 1515111, 246158,                     86,                  14,               11, No         , No              , Yes
        73, Endgame               , Disney+     , Movie           , Horror     , Portuguese, Canada        , TV-PG     ,         2019,             3,        ,         ,         100,        5.8,                  68,                 61,                  47.48,               70.6,                73.4,         2,             400220,            64044,                48.33,                       128.52, Laptop        , Standard         , HD        ,       384233, 1667284, 184651,                     48,                   9,               15, Yes        , Yes             , Yes
        74, Horizon               , Netflix     , Movie           , Sci-Fi     , French    , Australia     , R         ,         2016,            12,        ,         ,          94,        4.1,                  84,                 88,                  35.52,               63.8,                72.0,         4,             478544,            63334,                32.98,                         3.64, Desktop       , Premium          , 4K        ,         6263,   35177, 277577,                    189,                  18,                9, Yes        , No              , Yes
        75, Silent Storm          , Disney+     , Series          , Thriller   , Mandarin  , Brazil        , TV-MA     ,         2020,             5,       7,       56,          45,        9.3,                  78,                 61,                  94.07,               21.8,                73.4,         0,             342745,            85182,                37.99,                        19.15, Laptop        , Standard         , 4K        ,        29470, 1335457,   4964,                    184,                  11,                2, No         , No              , No
        76, Endgame               , Amazon Prime, Stand-Up Special, Drama      , Hindi     , South Korea   , TV-G      ,         2019,             1,        ,         ,          84,        7.8,                  55,                 99,                  53.58,               17.3,                92.4,         2,               8209,            27152,                29.37,                       150.57, Gaming Console, Standard         , SD        ,       156957,  340782, 295686,                     66,                  37,               12, No         , No              , Yes
        77, Orbit                 , Amazon Prime, Stand-Up Special, Biography  , Japanese  , United States , PG        ,         2021,             4,        ,         ,          84,        5.9,                  98,                 80,                  92.05,               37.5,                69.5,         3,             257217,            29902,                17.82,                       188.26, Laptop        , Basic            , 4K        ,        44978, 1619452, 324342,                     80,                  16,                2, Yes        , No              , Yes
        78, The Renegade          , Disney+     , Documentary     , Romance    , Japanese  , United Kingdom, PG        ,         2015,             5,        ,         ,          91,        8.2,                  33,                 46,                   8.38,               47.8,                63.4,         4,             213932,            13538,                 1.36,                        71.11, Smart TV      , Premium          , Full HD   ,       452887,  808002,   6480,                     79,                  27,               12, Yes        , Yes             , Yes
        79, Standoff              , Disney+     , Mini-Series     , Horror     , Korean    , Spain         , PG-13     ,         2016,             3,       1,        6,          38,        6.3,                  81,                 39,                  34.37,               36.7,                76.2,         3,             311325,            80828,                 9.82,                        21.84, Tablet        , Basic            , 4K        ,       174227, 1765091, 325169,                    102,                  22,               14, No         , No              , Yes
        80, The Witness           , Hulu        , Documentary     , Romance    , French    , Germany       , TV-14     ,         2019,            12,        ,         ,         118,        8.3,                  61,                 78,                  26.7 ,               95.9,                48.5,         4,             104752,            77624,                49.86,                        36.4 , Desktop       , Basic            , 4K        ,       494440, 1485653, 109926,                    117,                  19,                2, No         , No              , Yes
        81, Backlash              , HBO Max     , Series          , Biography  , German    , Germany       , PG        ,         2022,            10,       8,      192,          47,        6.9,                  73,                 99,                   3.59,               46.0,                74.7,         4,             311332,            83647,                45.72,                        22.32, Mobile        , Premium          , Full HD   ,        87259, 1356957, 321229,                     16,                  37,               12, No         , No              , Yes
        82, Midnight Sun 3        , Hulu        , Documentary     , Romance    , German    , Spain         , PG-13     ,         2020,             1,        ,         ,          58,        5.6,                  30,                 44,                  78.99,               46.4,                47.2,         2,             238725,            27114,                26.08,                        69.99, Smart TV      , Standard         , 4K        ,       167250,  140974, 157434,                     16,                   8,                0, No         , Yes             , Yes
        83, Threshold             , Disney+     , Stand-Up Special, Action     , Japanese  , Brazil        , TV-PG     ,         2022,             4,        ,         ,         177,        6.2,                  43,                 53,                  60.88,               85.0,                22.3,         4,             462997,            25863,                22.51,                        86.2 , Smart TV      , Premium          , HD        ,       107940,  583831, 394445,                    185,                   5,                3, Yes        , No              , No
        84, The Awakening         , HBO Max     , Documentary     , Animation  , Japanese  , Canada        , TV-PG     ,         2024,             7,       1,        6,          90,        8.7,                  99,                 52,                  77.32,               67.9,                43.2,         4,             309418,            11108,                33.62,                        62.98, Mobile        , Standard         , SD        ,        96018,  782979, 363570,                     41,                  33,               12, No         , Yes             , No
        85, Iron Fist 3           , Disney+     , Documentary     , Horror     , French    , India         , TV-14     ,         2022,            10,       1,        6,          46,        6.7,                  44,                 79,                  91.57,               30.7,                58.6,         5,             257805,            54477,                35.52,                        89.05, Mobile        , Basic            , SD        ,       417320, 1596151, 115630,                     79,                   3,                8, Yes        , No              , Yes
        86, Vertex                , Paramount+  , Stand-Up Special, Animation  , Spanish   , Canada        , PG        ,         2019,             9,        ,         ,         180,        9.4,                  89,                 35,                  72.22,               87.8,                37.0,         3,              53695,            96467,                41.51,                       150.39, Tablet        , Basic            , 4K        ,       137840,  731118, 452050,                     27,                  29,                3, Yes        , Yes             , No
        87, Shutdown              , Peacock     , Series          , Crime      , French    , South Korea   , R         ,         2015,            10,       6,      138,          39,        7.3,                  41,                 71,                  93.01,               22.0,                64.7,         4,             471940,            89037,                40.77,                        27.55, Laptop        , Basic            , Full HD   ,       454632, 1375614,  66535,                    184,                   9,                7, Yes        , No              , Yes
        88, Zenith                , Peacock     , Documentary     , Action     , Mandarin  , Australia     , TV-MA     ,         2021,             7,        ,         ,          54,        7.5,                  31,                 81,                  49.03,               25.9,                93.0,         2,             238391,            63968,                16.4 ,                         0.99, Gaming Console, Basic            , 4K        ,       332889, 1392910, 365590,                     96,                   5,               12, Yes        , No              , Yes
        89, Nightfall City        , HBO Max     , Mini-Series     , Animation  , Mandarin  , India         , TV-G      ,         2020,            11,       1,        3,          31,        4.5,                  78,                 32,                  11.89,               28.7,                54.4,         0,             224290,            26518,                49.78,                       181.93, Gaming Console, Standard         , HD        ,       458499, 1956167, 459598,                     75,                   6,               11, No         , Yes             , No
        90, Burnout               , Disney+     , Movie           , Sci-Fi     , Korean    , Mexico        , R         ,         2021,            11,        ,         ,          86,        7.9,                  20,                 57,                  45.35,               24.4,                37.6,         5,             233343,             1217,                 0.45,                        69.04, Smart TV      , Standard         , HD        ,       250502,  148637, 120044,                    103,                   6,                3, Yes        , No              , No
        91, The Witness 3         , Disney+     , Movie           , Animation  , Mandarin  , United States , PG-13     ,         2022,             6,        ,         ,         167,        5.2,                  39,                 82,                  58.57,               82.2,                36.9,         0,              73407,            98624,                 6.2 ,                       146.14, Tablet        , Standard         , Full HD   ,       414802,  293345, 129921,                     75,                   6,                7, No         , Yes             , No
        92, Fractured             , Hulu        , Documentary     , Horror     , English   , South Korea   , TV-G      ,         2021,             2,       1,        8,          54,        6.9,                  21,                 76,                  88.73,               20.1,                87.1,         4,             220653,            47895,                27.34,                        34.97, Laptop        , Basic            , SD        ,       307997,  141726,   7241,                     72,                  14,                1, Yes        , No              , No
        93, Uprising              , Peacock     , Documentary     , Biography  , German    , United Kingdom, PG-13     ,         2019,             2,        ,         ,          55,        6.8,                  46,                 49,                  51.0 ,               30.6,                69.5,         5,             357069,            84299,                 3.35,                       139.89, Gaming Console, Basic            , SD        ,       128227,  180901, 484781,                    116,                   8,               14, Yes        , No              , Yes
        94, Ember Falls 3         , Netflix     , Series          , Documentary, Japanese  , Brazil        , TV-MA     ,         2017,             6,       3,       42,          29,        8.2,                  23,                 72,                  76.69,               18.8,                25.0,         5,             302331,            82251,                 3.9 ,                        91.31, Tablet        , Basic            , 4K        ,       450602, 1188946,  87503,                     99,                  11,                8, Yes        , Yes             , Yes
        95, Threshold             , Netflix     , Movie           , Thriller   , English   , Spain         , TV-14     ,         2021,             3,        ,         ,          97,        9.1,                  24,                 83,                  21.41,               35.4,                91.4,         2,             142217,            10208,                28.6 ,                        24.32, Gaming Console, Basic            , HD        ,       117063, 1686919, 270424,                     16,                  26,                2, No         , No              , No
        96, Borderline 5          , Netflix     , Mini-Series     , Thriller   , Korean    , Canada        , TV-MA     ,         2024,             4,       1,        6,          41,        7.3,                  83,                 55,                  69.61,               29.2,                82.1,         1,               3343,            53744,                 1.24,                       108.54, Gaming Console, Premium          , SD        ,       498642,  702682,    776,                    173,                  25,                9, Yes        , Yes             , Yes
        97, Silent Echo           , Netflix     , Series          , Biography  , Korean    , United Kingdom, G         ,         2018,             9,       7,      119,          51,        9.4,                  30,                 42,                  48.07,               37.9,                50.8,         4,             297701,             8163,                21.78,                       192.86, Mobile        , Standard         , Full HD   ,       446173,  660721, 485522,                    105,                  21,               10, No         , No              , Yes
        98, Lost Signal           , Disney+     , Stand-Up Special, Comedy     , French    , United Kingdom, PG-13     ,         2022,             8,        ,         ,         115,        6.2,                  88,                 75,                  91.64,               35.8,                44.0,         2,             446946,            15717,                 4.57,                       161.62, Tablet        , Premium          , SD        ,       112782, 1753161, 449101,                     88,                  10,                2, Yes        , No              , No
        99, The Pursuit of Truth 4, HBO Max     , Series          , Drama      , German    , Spain         , R         ,         2016,             8,       2,       20,          29,        4.1,                  48,                 46,                  18.9 ,               20.6,                73.5,         5,              44060,            76326,                29.33,                       183.53, Smart TV      , Basic            , SD        ,       103728, 1892771, 338693,                    118,                   9,                2, No         , Yes             , Yes
       100, The Heist Plan 5      , Peacock     , Documentary     , Drama      , German    , Australia     , TV-PG     ,         2017,             6,       1,        3,          80,        5.5,                  39,                 34,                  58.38,               55.1,                70.5,         3,             216002,            72179,                23.98,                        18.0 , Laptop        , Basic            , 4K        ,       104623, 1347840, 463822,                    139,                  16,                0, No         , No              , No
       101, Freefall              , Apple TV+   , Stand-Up Special, Animation  , Japanese  , Germany       , TV-MA     ,         2017,             1,        ,         ,         115,        7.3,                  23,                 65,                   5.66,              114.2,                61.3,         4,             122034,            20922,                 5.05,                       131.54, Tablet        , Premium          , SD        ,       400632, 1987785, 115044,                    152,                  25,               11, Yes        , Yes             , Yes
       102, Shockwave             , Apple TV+   , Stand-Up Special, Drama      , Japanese  , Canada        , PG-13     ,         2024,             4,        ,         ,         178,        8.8,                  83,                 99,                  29.43,               94.9,                27.0,         1,             315444,            28679,                 1.05,                        95.86, Tablet        , Premium          , HD        ,       422859,  273756, 178665,                    188,                  12,               10, Yes        , Yes             , Yes
       103, Shockwave             , Disney+     , Movie           , Animation  , Japanese  , United Kingdom, TV-14     ,         2021,            10,        ,         ,          87,        5.9,                  61,                 47,                  92.71,               67.7,                54.1,         5,             255433,            85089,                15.9 ,                       141.58, Desktop       , Premium          , Full HD   ,       117090, 1395821, 308789,                     49,                  25,                9, No         , Yes             , Yes
       104, Catalyst 5            , Netflix     , Series          , Crime      , Japanese  , Canada        , R         ,         2024,             2,       8,       80,          43,        8.1,                  50,                 74,                  93.33,               19.7,                89.1,         0,             430787,            92925,                33.52,                       145.99, Tablet        , Standard         , SD        ,       139097,  439839, 130841,                    182,                   5,               11, No         , Yes             , Yes
       105, Blue Horizon          , Peacock     , Series          , Sci-Fi     , Italian   , Germany       , TV-14     ,         2023,             7,       2,       42,          58,        7.6,                  48,                 50,                  42.93,               49.4,                22.6,         0,             167099,            34226,                47.59,                        15.3 , Mobile        , Standard         , HD        ,       383820,  157391, 286819,                     28,                  22,               15, Yes        , No              , Yes
       106, Meltdown              , Disney+     , Movie           , Comedy     , Japanese  , South Korea   , R         ,         2021,            12,        ,         ,         145,        8.0,                  89,                 63,                  62.79,               53.7,                27.5,         3,             299772,            72045,                42.0 ,                        31.14, Tablet        , Basic            , 4K        ,        45992,  617814, 431969,                    174,                  39,               15, Yes        , Yes             , Yes
       107, Fractured 4           , Amazon Prime, Documentary     , Comedy     , Korean    , Germany       , TV-G      ,         2022,            11,        ,         ,          56,        7.5,                  69,                 53,                  35.31,               30.6,                34.6,         0,             138042,            57637,                23.28,                        45.64, Tablet        , Premium          , SD        ,        79285, 1577651, 365161,                    175,                   7,                2, No         , No              , Yes
       108, The Relic 5           , Peacock     , Stand-Up Special, Fantasy    , Italian   , Canada        , R         ,         2022,             5,        ,         ,          85,        6.2,                  24,                 94,                  54.31,               51.2,                64.6,         4,              77305,            15765,                47.47,                        90.08, Mobile        , Basic            , HD        ,        66207,   89597, 221980,                     25,                  28,                6, Yes        , No              , No
       109, Catalyst              , Amazon Prime, Movie           , Sci-Fi     , Portuguese, Germany       , TV-14     ,         2019,             9,        ,         ,         133,        9.0,                  21,                 96,                  74.28,               28.3,                31.7,         4,             308246,            76372,                37.93,                       187.96, Smart TV      , Premium          , SD        ,       412007,  600080, 454816,                    142,                  23,               13, No         , No              , No
       110, Firestorm             , Netflix     , Series          , Horror     , German    , India         , TV-PG     ,         2015,             7,       6,       78,          25,        8.1,                  54,                 77,                   2.02,               23.2,                43.6,         2,             441894,            64437,                42.92,                       137.13, Mobile        , Basic            , Full HD   ,       389975,  929370, 405825,                     87,                  18,               13, Yes        , Yes             , No
       111, Wildfire              , Peacock     , Documentary     , Animation  , Japanese  , United States , PG-13     ,         2016,             5,        ,         ,          62,        8.3,                  87,                 33,                  16.59,               56.1,                35.7,         0,             130804,             4334,                22.85,                       183.65, Gaming Console, Basic            , Full HD   ,       193172, 1727117, 243394,                    134,                  26,                3, Yes        , Yes             , No
       112, The Great Escape      , Disney+     , Documentary     , Crime      , Portuguese, France        , TV-14     ,         2017,             5,       1,        5,          48,        6.1,                  40,                 57,                  81.44,               36.4,                72.9,         2,             341619,            53674,                25.69,                       172.99, Gaming Console, Basic            , 4K        ,       477946,  277582, 339419,                     49,                  39,                0, Yes        , No              , No
       113, Reboot                , HBO Max     , Documentary     , Sci-Fi     , Japanese  , Spain         , TV-MA     ,         2018,             8,        ,         ,         111,        8.5,                  70,                 43,                   0.8 ,              110.9,                95.4,         2,             294365,            84848,                29.71,                        56.89, Gaming Console, Basic            , 4K        ,        33519,  705337, 144966,                    168,                  21,                8, No         , No              , Yes
       114, Iron Will             , Hulu        , Movie           , Crime      , German    , Australia     , TV-14     ,         2017,            12,        ,         ,          78,        7.6,                  57,                 63,                  86.17,               40.5,                77.5,         4,             371232,            74978,                40.81,                        68.96, Gaming Console, Basic            , 4K        ,       475330, 1972823, 352262,                     96,                  33,                9, Yes        , Yes             , No
       115, Broken Wings          , HBO Max     , Stand-Up Special, Action     , Japanese  , Australia     , PG        ,         2018,             6,        ,         ,         103,        8.1,                  59,                 83,                  74.89,               44.2,                40.3,         2,             243144,            15437,                23.55,                       173.35, Desktop       , Premium          , SD        ,       247629, 1865361, 102006,                    133,                   8,               12, No         , No              , Yes
       116, Iron Will 3           , Apple TV+   , Documentary     , Crime      , Italian   , India         , TV-14     ,         2017,             2,        ,         ,          87,        7.5,                  42,                 70,                  60.31,               15.3,                41.3,         1,             302136,            20766,                24.5 ,                       152.83, Smart TV      , Basic            , 4K        ,       332179,  900637, 211504,                    114,                  31,               12, Yes        , Yes             , Yes
       117, Catalyst              , Netflix     , Mini-Series     , Animation  , Hindi     , United States , G         ,         2018,             4,       1,        8,          58,        5.9,                  36,                 43,                  36.5 ,               40.3,                33.0,         0,             156343,            38119,                22.82,                       104.3 , Desktop       , Standard         , 4K        ,       465604, 1440382,  70154,                     92,                  32,               11, Yes        , Yes             , No
       118, Dark Waters           , Disney+     , Series          , Biography  , English   , Canada        , PG-13     ,         2016,             6,       1,       18,          38,        8.2,                  99,                 36,                  56.46,               16.1,                28.4,         0,              25289,            90406,                 5.83,                        89.14, Smart TV      , Premium          , Full HD   ,       248770, 1472024,  80292,                     57,                   1,                9, No         , Yes             , No
       119, Countdown             , Disney+     , Documentary     , Comedy     , Portuguese, Mexico        , PG        ,         2019,             2,       1,        8,          70,        7.3,                  53,                 96,                  92.45,               34.7,                52.0,         1,              20659,            71845,                24.84,                        41.93, Laptop        , Standard         , HD        ,         1485,   26837, 352139,                     27,                   8,               15, Yes        , Yes             , Yes
       120, Override              , HBO Max     , Series          , Documentary, Korean    , Japan         , TV-G      ,         2015,             2,       3,       21,          40,        6.0,                  60,                 84,                  70.19,               17.4,                79.1,         0,               5071,            18139,                33.18,                        34.52, Tablet        , Standard         , Full HD   ,       460624, 1537454,  48743,                    100,                  22,                5, Yes        , No              , No
       121, Darkroom Files        , Peacock     , Documentary     , Sci-Fi     , French    , United Kingdom, PG-13     ,         2015,             3,       1,        7,         120,        6.7,                  92,                 86,                  17.3 ,               54.9,                48.0,         0,             452238,            89714,                44.0 ,                       145.59, Mobile        , Standard         , 4K        ,        59261, 1861519, 215641,                    117,                   3,                2, No         , No              , Yes
       122, Shutdown              , Hulu        , Mini-Series     , Animation  , Portuguese, Mexico        , PG        ,         2021,            11,       1,        8,          37,        6.7,                  69,                 49,                  79.72,               27.3,                97.0,         0,               6105,            84331,                46.72,                       101.36, Laptop        , Standard         , HD        ,        39300, 1575962, 257775,                     87,                  16,               10, No         , Yes             , Yes
       123, The Relic             , Peacock     , Series          , Comedy     , Italian   , Spain         , TV-G      ,         2016,             8,       8,      128,          29,        9.4,                  22,                 43,                  38.39,               15.5,                62.8,         0,             415122,            79194,                48.16,                       127.69, Desktop       , Premium          , HD        ,       343246, 1408283, 239194,                     92,                  24,                1, Yes        , No              , No
       124, Stormfront            , Paramount+  , Mini-Series     , Biography  , Italian   , United Kingdom, PG        ,         2018,             1,       1,        5,          41,        8.6,                  57,                 96,                  35.58,               17.8,                90.0,         3,              73635,            93959,                37.14,                        82.14, Tablet        , Premium          , HD        ,        98376,  253322, 487711,                    105,                  14,               14, Yes        , No              , Yes
       125, Apex                  , Amazon Prime, Documentary     , Documentary, Mandarin  , Brazil        , PG-13     ,         2022,             1,       1,        9,         100,        8.6,                  81,                 95,                  74.22,               92.4,                74.0,         1,             382989,            16827,                 5.22,                       131.68, Desktop       , Standard         , 4K        ,       219550, 1277252, 480210,                    182,                  16,                8, No         , No              , No
       126, Rising Sun            , Disney+     , Documentary     , Crime      , Portuguese, Japan         , TV-14     ,         2023,            11,       1,        4,          71,        7.4,                  57,                 74,                  87.52,               22.4,                75.4,         1,             264185,            71105,                34.73,                        64.82, Smart TV      , Standard         , 4K        ,       305608, 1196815, 494242,                    175,                  27,                9, No         , Yes             , Yes
       127, Neon City             , Netflix     , Movie           , Thriller   , Korean    , India         , TV-MA     ,         2019,             3,        ,         ,          82,        7.8,                  57,                 56,                  71.62,               17.2,                83.5,         0,             323018,            88542,                36.99,                       173.04, Gaming Console, Premium          , 4K        ,       124618, 1071581, 411212,                    183,                  19,                1, No         , No              , No
       128, Axis                  , Apple TV+   , Stand-Up Special, Drama      , English   , Mexico        , TV-MA     ,         2018,            10,        ,         ,         174,        8.7,                  76,                 58,                  86.6 ,              127.0,                70.5,         4,             286583,            96790,                30.19,                       155.34, Mobile        , Standard         , 4K        ,        93072, 1431739,  39053,                     52,                  12,                3, No         , Yes             , No
       129, Darkroom              , Disney+     , Series          , Crime      , Korean    , United States , TV-14     ,         2022,            12,       3,       21,          31,        9.1,                  96,                 36,                  73.52,               25.0,                85.8,         2,             257189,            75061,                27.53,                        15.04, Gaming Console, Standard         , HD        ,        96450, 1091890,  35754,                    134,                  11,               13, No         , Yes             , No
       130, The Covenant          , Apple TV+   , Mini-Series     , Romance    , Korean    , South Korea   , TV-G      ,         2023,            11,       1,        3,          33,        7.7,                  77,                 60,                  85.94,               26.0,                68.4,         0,             357853,            42065,                19.1 ,                       159.34, Smart TV      , Standard         , Full HD   ,       283289, 1518386, 148293,                     11,                  34,               11, No         , No              , Yes
       131, Frozen in Time        , Hulu        , Mini-Series     , Animation  , Spanish   , United Kingdom, PG-13     ,         2023,             9,       1,        3,          50,        4.4,                  47,                 84,                  79.4 ,               22.2,                84.6,         5,             406431,            57047,                32.35,                       187.98, Gaming Console, Premium          , HD        ,        12503,  963165, 375855,                     89,                   3,                2, Yes        , Yes             , Yes
       132, Orbit                 , Amazon Prime, Stand-Up Special, Thriller   , Korean    , Germany       , TV-PG     ,         2022,            11,        ,         ,         126,        6.4,                  22,                 79,                  64.0 ,               74.4,                70.0,         4,              33154,            99085,                37.31,                         9.58, Smart TV      , Standard         , SD        ,       152007, 1650331, 359607,                     82,                  39,                2, No         , No              , No
       133, Neon Lights           , Netflix     , Documentary     , Action     , Portuguese, South Korea   , PG-13     ,         2021,             9,        ,         ,          63,        5.6,                  67,                 31,                  52.63,               41.6,                29.6,         0,             300269,            78204,                19.73,                       109.73, Smart TV      , Standard         , HD        ,       392372, 1554992, 473728,                    190,                  23,                6, No         , Yes             , Yes
       134, The Prodigy           , HBO Max     , Series          , Comedy     , French    , Australia     , G         ,         2023,             8,       2,       30,          26,        5.4,                  45,                 92,                  90.4 ,               18.9,                72.4,         1,              52452,            37373,                30.99,                       180.07, Tablet        , Standard         , 4K        ,       172197, 1292663, 345737,                     83,                  38,                4, No         , No              , No
       135, Starfall 3            , Hulu        , Documentary     , Horror     , Japanese  , India         , TV-14     ,         2022,             8,        ,         ,          90,        8.3,                  82,                 43,                  16.78,               60.5,                85.7,         1,             467296,            70597,                 9.86,                       146.84, Gaming Console, Basic            , SD        ,       467770,   39170, 445438,                    134,                   2,               12, Yes        , Yes             , No
       136, Freefall              , Paramount+  , Series          , Romance    , German    , South Korea   , TV-MA     ,         2017,             8,       2,       36,          45,        6.8,                  50,                 51,                  71.96,               19.2,                32.4,         4,             497398,            74162,                32.99,                       193.56, Gaming Console, Premium          , 4K        ,       492448,  752548,  21201,                     61,                  32,                7, Yes        , No              , No
       137, Phantom Signal 3      , Apple TV+   , Documentary     , Documentary, Italian   , United States , G         ,         2020,             2,        ,         ,          78,        7.2,                  92,                 52,                  35.84,               38.8,                65.8,         0,             270880,            32975,                18.85,                       181.49, Desktop       , Standard         , Full HD   ,       428517, 1819839, 180906,                    129,                  31,                0, Yes        , No              , Yes
       138, Phantom Signal 4      , Hulu        , Series          , Action     , French    , France        , PG        ,         2018,             7,       6,       54,          52,        7.7,                  81,                 56,                  56.17,               38.9,                52.1,         1,              22620,            16762,                28.7 ,                        32.65, Gaming Console, Premium          , SD        ,       467084, 1200235,  77009,                     19,                  11,                8, Yes        , No              , Yes
       139, Override              , HBO Max     , Movie           , Thriller   , Italian   , Canada        , TV-G      ,         2022,             3,        ,         ,         103,        8.6,                  96,                 48,                  75.51,               87.2,                34.2,         5,             267808,            34671,                 8.43,                       137.28, Laptop        , Premium          , SD        ,       120538,  793266, 202103,                     38,                   7,                0, Yes        , No              , Yes
       140, Meltdown 5            , Netflix     , Stand-Up Special, Animation  , Spanish   , United Kingdom, TV-G      ,         2017,            10,        ,         ,         144,        8.6,                  75,                 96,                  40.02,              127.9,                74.4,         3,             120316,            63192,                39.49,                        76.56, Desktop       , Premium          , SD        ,       223128,  280873, 133450,                    127,                  15,                2, No         , No              , No
       141, Burning Bridges 2     , Amazon Prime, Stand-Up Special, Drama      , German    , Australia     , R         ,         2020,             7,        ,         ,         121,        4.6,                  74,                 62,                  24.9 ,               71.8,                64.0,         4,             144473,            89208,                19.9 ,                        41.14, Desktop       , Premium          , 4K        ,        93750,  776492, 293136,                    147,                  31,                8, No         , No              , No
       142, Threshold 2           , Hulu        , Documentary     , Biography  , French    , United Kingdom, R         ,         2023,             7,        ,         ,         115,        7.4,                  26,                 50,                  37.03,               78.6,                82.7,         1,             247290,            78675,                21.8 ,                        13.28, Mobile        , Standard         , SD        ,       319356,   79278, 379853,                    103,                  26,                9, Yes        , Yes             , No
       143, Shattered 4           , Hulu        , Movie           , Crime      , Portuguese, Brazil        , R         ,         2024,             3,        ,         ,         161,        4.2,                  50,                 30,                  92.69,               27.7,                41.5,         3,             185140,            87773,                19.79,                       117.42, Desktop       , Basic            , SD        ,       481963,  189191, 288154,                     77,                  36,               11, No         , No              , Yes
       144, Meltdown              , Paramount+  , Documentary     , Crime      , English   , Japan         , PG-13     ,         2021,             9,       1,        9,          54,        6.8,                  63,                 44,                  76.3 ,               52.3,                88.3,         4,             131146,            90989,                22.17,                        75.73, Laptop        , Basic            , Full HD   ,       406687,  962374, 357361,                    122,                  38,                0, No         , Yes             , No
       145, The Inheritance       , Hulu        , Series          , Romance    , German    , France        , G         ,         2019,             4,       5,       40,          47,        7.7,                  63,                 39,                  52.73,               20.7,                44.5,         1,             468879,            75197,                13.49,                       189.45, Gaming Console, Basic            , 4K        ,       386509,  418831, 123144,                     66,                  17,                6, Yes        , Yes             , Yes
       146, Horizon               , Disney+     , Movie           , Comedy     , Spanish   , Australia     , TV-G      ,         2024,             1,        ,         ,         172,        8.7,                  25,                 91,                  35.33,               64.5,                90.1,         4,             455485,            36009,                24.57,                       196.89, Desktop       , Standard         , 4K        ,       116490, 1573319, 302348,                     37,                   4,               13, No         , Yes             , No
       147, Neon Lights           , Disney+     , Documentary     , Comedy     , Portuguese, Spain         , TV-14     ,         2015,             1,       1,        7,         119,        4.6,                  66,                 63,                  17.86,               42.3,                41.0,         4,             179881,            47962,                 9.24,                        85.08, Laptop        , Premium          , Full HD   ,       191456, 1791751, 210035,                     76,                  29,                5, Yes        , Yes             , Yes
       148, Override              , Hulu        , Stand-Up Special, Sci-Fi     , German    , South Korea   , PG-13     ,         2017,             8,        ,         ,         178,        4.1,                  73,                 93,                  12.86,              160.6,                69.2,         4,             377781,            41383,                39.28,                        60.36, Desktop       , Premium          , SD        ,       208927,  207665, 362053,                     46,                   4,                6, No         , No              , Yes
       149, Rising Sun            , HBO Max     , Mini-Series     , Romance    , Portuguese, Brazil        , TV-MA     ,         2020,             1,       1,        6,          33,        5.9,                  97,                 55,                  54.84,               26.7,                62.0,         2,             186179,            42610,                33.68,                        97.76, Gaming Console, Standard         , SD        ,       199840, 1287046, 150230,                    123,                  10,                5, No         , No              , No
       150, Lost Signal 4         , Hulu        , Mini-Series     , Romance    , Korean    , Mexico        , TV-MA     ,         2024,            11,       1,        6,          38,        8.9,                  66,                 96,                  91.73,               24.5,                34.3,         0,              65556,            95390,                11.77,                        50.7 , Gaming Console, Premium          , SD        ,       110450,  350136, 208176,                     31,                   7,                2, No         , Yes             , Yes
       151, Nadir                 , Amazon Prime, Movie           , Horror     , Mandarin  , India         , PG        ,         2021,             5,        ,         ,         104,        5.4,                  56,                 86,                  59.55,               26.7,                85.4,         0,              18431,            86972,                17.87,                       183.1 , Laptop        , Standard         , Full HD   ,       287645,  933007,  70849,                    183,                  35,                5, No         , No              , No
       152, The Informant         , Hulu        , Movie           , Documentary, Korean    , France        , TV-PG     ,         2019,             3,        ,         ,         113,        4.1,                  86,                 47,                  32.73,               61.0,                20.6,         3,             496478,            99021,                23.88,                         2.32, Laptop        , Standard         , HD        ,       417785,   15237, 287431,                    100,                  13,               13, No         , No              , Yes
       153, The Divide            , Peacock     , Documentary     , Thriller   , Korean    , United Kingdom, TV-PG     ,         2018,             9,        ,         ,          81,        7.6,                  88,                 64,                  39.28,               71.3,                34.2,         2,              57858,            83478,                22.79,                        90.83, Gaming Console, Premium          , 4K        ,        98505,  672538,  10178,                     43,                   4,                0, Yes        , Yes             , No
       154, The Confession 5      , Netflix     , Series          , Comedy     , French    , United States , TV-G      ,         2018,             6,       7,      105,          53,        9.5,                  79,                 34,                  31.44,               47.1,                94.2,         0,             139724,            51435,                 3.62,                        94.29, Mobile        , Standard         , 4K        ,       434292,   26556,  63952,                    187,                  16,               12, No         , Yes             , Yes
       155, The Awakening         , Amazon Prime, Stand-Up Special, Fantasy    , Hindi     , Spain         , TV-PG     ,         2019,             6,        ,         ,          95,        7.5,                  25,                 96,                  11.69,               53.5,                43.3,         2,             465315,             6827,                43.19,                        43.95, Smart TV      , Basic            , 4K        ,       170188,   31699,  87755,                     75,                  38,                3, No         , Yes             , Yes
       156, Crimson Tide          , Paramount+  , Stand-Up Special, Action     , Japanese  , United Kingdom, R         ,         2017,             8,        ,         ,          86,        7.8,                  63,                 37,                   5.77,               60.8,                74.7,         0,              65969,            63942,                11.67,                       196.34, Gaming Console, Standard         , 4K        ,       384452,  404777,  11205,                    181,                  25,               11, Yes        , No              , Yes
       157, The Great Escape      , HBO Max     , Stand-Up Special, Biography  , Italian   , South Korea   , PG-13     ,         2023,             6,        ,         ,         116,        8.0,                  55,                 50,                   6.64,               30.7,                43.1,         2,             283957,            48118,                22.73,                       155.3 , Desktop       , Standard         , HD        ,       462960,   39358, 324929,                     98,                  40,                7, No         , Yes             , No
       158, Burning Bridges       , Paramount+  , Stand-Up Special, Action     , Mandarin  , Japan         , TV-14     ,         2021,            11,        ,         ,         116,        4.6,                  86,                 38,                   4.25,              109.7,                33.9,         0,             105947,            14031,                24.29,                        20.2 , Desktop       , Premium          , 4K        ,       344990, 1027514, 275691,                    164,                  38,                8, Yes        , No              , Yes
       159, Meltdown              , Netflix     , Series          , Fantasy    , Italian   , United Kingdom, TV-G      ,         2015,             6,       7,      119,          25,        8.5,                  54,                 97,                   3.96,               15.7,                43.7,         1,             272359,            12729,                 5.11,                        46.59, Laptop        , Basic            , HD        ,       275926, 1377669, 130433,                    150,                  12,               13, Yes        , No              , No
       160, Overload              , Amazon Prime, Series          , Action     , Portuguese, Germany       , TV-14     ,         2017,             9,       8,      136,          42,        7.0,                  61,                 77,                  39.23,               32.1,                84.4,         2,             318983,            31551,                28.18,                        43.18, Desktop       , Premium          , Full HD   ,       188798,  948858, 234628,                    106,                   1,                1, No         , Yes             , Yes
       161, The Witness 3         , Hulu        , Mini-Series     , Drama      , Korean    , Brazil        , PG-13     ,         2016,             1,       1,        6,          41,        4.9,                  53,                 76,                  84.53,               21.5,                40.0,         2,              48184,            74774,                20.02,                       183.62, Gaming Console, Basic            , Full HD   ,       415760, 1012045,  90660,                    129,                  37,                3, No         , Yes             , No
       162, Parallel Lives        , Apple TV+   , Mini-Series     , Sci-Fi     , German    , United Kingdom, R         ,         2024,             1,       1,        8,          54,        7.5,                  26,                 69,                  49.86,               27.5,                64.1,         2,             263403,            91457,                11.08,                        10.58, Gaming Console, Standard         , 4K        ,       394755, 1248182, 301609,                    134,                   6,                7, No         , No              , No
       163, Vanishing Point 2     , Paramount+  , Stand-Up Special, Biography  , English   , Brazil        , TV-PG     ,         2019,             2,        ,         ,         126,        6.8,                  36,                 47,                  45.74,               37.0,                50.8,         4,             102812,            73553,                30.82,                       147.27, Mobile        , Basic            , SD        ,       139645, 1629108, 225488,                     87,                  37,                2, Yes        , No              , No
       164, The Pursuit           , Apple TV+   , Mini-Series     , Crime      , English   , Japan         , PG-13     ,         2020,            10,       1,        6,          49,        4.8,                  25,                 59,                  19.05,               27.7,                79.1,         0,              58915,            96938,                 2.77,                       189.81, Mobile        , Standard         , SD        ,       180023, 1455094, 421684,                     33,                  20,               14, No         , Yes             , No
       165, Fractured             , Hulu        , Series          , Animation  , Portuguese, Japan         , TV-G      ,         2024,            12,       3,       18,          46,        7.2,                  87,                 35,                  24.34,               16.9,                35.7,         5,             323991,            35557,                 2.7 ,                       131.12, Smart TV      , Basic            , 4K        ,       346275,  569079, 347603,                    173,                  24,                3, Yes        , No              , No
       166, Phantom Signal        , Amazon Prime, Mini-Series     , Documentary, Mandarin  , Brazil        , PG        ,         2017,             4,       1,        7,          60,        6.5,                  22,                 35,                  23.58,               38.8,                46.0,         3,             390275,            20578,                 0.97,                       137.02, Tablet        , Premium          , Full HD   ,       123889, 1051300, 144649,                     20,                  17,               12, Yes        , No              , Yes
       167, Iron Will             , Peacock     , Series          , Comedy     , German    , Brazil        , R         ,         2021,             4,       3,       57,          41,        9.0,                  62,                 87,                  51.56,               20.4,                30.8,         4,             358638,            26517,                43.14,                        62.15, Gaming Console, Premium          , HD        ,       225527, 1906415, 403737,                     42,                  37,                5, No         , Yes             , Yes
       168, The Prodigy           , Disney+     , Movie           , Romance    , German    , Germany       , TV-MA     ,         2022,            12,        ,         ,         180,        8.9,                  55,                 49,                  74.04,               32.6,                34.4,         4,             323457,            34978,                30.3 ,                       122.67, Desktop       , Basic            , HD        ,       360433,   54803, 188366,                     25,                  31,                4, No         , No              , Yes
       169, Flashpoint            , Disney+     , Series          , Thriller   , Hindi     , United States , TV-PG     ,         2015,             5,       7,       91,          34,        8.2,                  28,                 52,                  88.08,               33.7,                87.6,         3,             360638,            42584,                43.35,                       177.57, Laptop        , Standard         , SD        ,       318780, 1542202, 432195,                    102,                  21,               12, Yes        , Yes             , No
       170, Darkroom Files        , Netflix     , Series          , Animation  , Portuguese, Germany       , G         ,         2023,             7,       1,       12,          40,        6.4,                  58,                 66,                  43.88,               25.6,                67.8,         0,             361734,            67760,                45.19,                        92.98, Gaming Console, Standard         , SD        ,       378925, 1050055,  59344,                     51,                  38,                4, No         , No              , No
       171, Rising Sun 5          , Hulu        , Documentary     , Comedy     , Korean    , France        , PG-13     ,         2016,             2,       1,        8,          91,        4.5,                  69,                 95,                  58.19,               27.2,                62.9,         0,             402789,            22398,                45.62,                       113.32, Gaming Console, Basic            , HD        ,       455561,  303363,  93787,                    187,                   4,               13, No         , No              , No
       172, The Heist             , Amazon Prime, Series          , Thriller   , English   , Canada        , TV-MA     ,         2015,             8,       8,      168,          56,        8.4,                  97,                 93,                  22.67,               39.1,                57.1,         3,             231669,            10407,                30.08,                         1.81, Desktop       , Standard         , HD        ,        25697,  387737,  77738,                     19,                  23,                1, Yes        , Yes             , No
       173, The Escape            , Netflix     , Movie           , Sci-Fi     , French    , India         , TV-MA     ,         2024,            11,        ,         ,         163,        7.8,                  93,                 52,                  91.8 ,              125.9,                48.1,         0,              48824,            39229,                16.17,                       179.56, Smart TV      , Standard         , SD        ,       153578,  987474,  70550,                     36,                  18,               10, No         , Yes             , Yes
       174, Fallout 2             , Paramount+  , Stand-Up Special, Biography  , Korean    , Germany       , TV-14     ,         2019,             9,        ,         ,         148,        9.5,                  65,                 46,                  58.4 ,               81.0,                76.9,         3,             258214,            23580,                44.19,                        46.93, Tablet        , Basic            , SD        ,        62024,   50403, 243743,                    165,                   8,                6, No         , No              , Yes
       175, The Escape            , Hulu        , Movie           , Fantasy    , Hindi     , Mexico        , TV-MA     ,         2019,             2,        ,         ,         114,        5.7,                  90,                 71,                  72.89,               26.3,                46.0,         3,             379792,            74569,                30.82,                         6.31, Mobile        , Basic            , Full HD   ,       437214,  708804, 483550,                    177,                  31,               15, Yes        , Yes             , No
       176, Iron Will             , Apple TV+   , Documentary     , Sci-Fi     , English   , Brazil        , TV-MA     ,         2024,            12,        ,         ,         116,        6.9,                  46,                 72,                  75.98,              104.7,                47.6,         1,             147041,             4085,                16.99,                        75.36, Desktop       , Basic            , 4K        ,        98290, 1248307,  61270,                     83,                  21,                1, No         , No              , Yes
       177, Nightfall City        , Apple TV+   , Documentary     , Horror     , Hindi     , Brazil        , TV-MA     ,         2017,             2,        ,         ,          49,        8.3,                  31,                 86,                  48.12,               42.2,                90.6,         1,              99725,            44579,                46.19,                       146.62, Desktop       , Standard         , Full HD   ,        75177, 1613819, 457083,                     30,                  34,                4, Yes        , Yes             , No
       178, Flashpoint            , Amazon Prime, Movie           , Horror     , English   , Australia     , PG        ,         2020,             8,        ,         ,          80,        4.6,                  59,                 32,                  54.91,               35.3,                89.6,         2,             105148,            25237,                14.36,                       106.69, Laptop        , Premium          , SD        ,       142999,  313248,  82583,                     75,                   8,                0, Yes        , Yes             , No
       179, The Relic             , Disney+     , Mini-Series     , Crime      , Hindi     , India         , PG        ,         2019,            10,       1,        5,          47,        6.4,                  36,                 33,                  44.77,               36.6,                28.3,         0,              45151,            55897,                19.63,                       141.08, Desktop       , Premium          , 4K        ,       323176,  745898, 163818,                     90,                  13,                2, No         , Yes             , Yes
       180, Frequency             , Paramount+  , Movie           , Documentary, Korean    , Australia     , TV-G      ,         2022,             4,        ,         ,         103,        4.8,                  98,                 63,                  86.73,               49.5,                74.6,         5,             173186,            42567,                22.69,                         6.54, Laptop        , Basic            , Full HD   ,       251001,  967393, 443435,                     48,                  19,               11, Yes        , Yes             , No
       181, Frequency             , Amazon Prime, Mini-Series     , Animation  , Spanish   , Japan         , TV-G      ,         2021,            10,       1,        6,          37,        7.4,                  90,                 50,                  92.52,               23.4,                46.6,         5,             309838,            56511,                39.23,                        87.35, Tablet        , Premium          , HD        ,        90796, 1389698, 351075,                     24,                  37,               15, Yes        , No              , No
       182, Stormfront 5          , Disney+     , Mini-Series     , Sci-Fi     , Spanish   , Canada        , PG        ,         2024,             7,       1,        5,          45,        7.5,                  27,                 41,                  20.75,               19.2,                65.3,         5,             424589,               24,                37.87,                       132.35, Laptop        , Premium          , Full HD   ,       204513, 1291048, 303012,                    119,                  13,                6, No         , No              , No
       183, Crossfire             , Apple TV+   , Movie           , Crime      , English   , Canada        , TV-PG     ,         2017,             5,        ,         ,          82,        6.0,                  90,                 36,                   0.18,               52.5,                96.3,         0,             451541,            36989,                43.29,                        47.43, Gaming Console, Premium          , 4K        ,       327842,  667261, 373184,                    102,                  26,               12, No         , Yes             , Yes
       184, The Conspiracy Files 5, Apple TV+   , Documentary     , Action     , Korean    , Australia     , PG-13     ,         2017,             1,       1,        1,          63,        8.0,                  82,                 85,                  92.63,               21.5,                30.7,         3,             450967,            59772,                44.68,                       139.23, Laptop        , Premium          , HD        ,       238283, 1068420, 222373,                    146,                  29,               12, No         , Yes             , Yes
       185, Iron Fist             , Paramount+  , Series          , Biography  , Portuguese, Japan         , TV-PG     ,         2023,            10,       6,       42,          24,        7.1,                  67,                 44,                  55.17,               23.7,                26.2,         5,             383408,            68997,                49.18,                       196.74, Tablet        , Standard         , SD        ,       274439, 1866388, 319862,                     27,                  16,               15, Yes        , No              , Yes
       186, Nightfall             , Netflix     , Documentary     , Documentary, Portuguese, Spain         , TV-14     ,         2021,             6,        ,         ,          82,        4.9,                  96,                 68,                  69.09,               52.8,                24.8,         3,             303112,            22161,                28.66,                       131.44, Tablet        , Premium          , SD        ,       150424, 1016715,  43269,                     37,                  33,                2, No         , No              , Yes
       187, Fallout               , HBO Max     , Movie           , Biography  , Spanish   , Canada        , PG-13     ,         2024,            12,        ,         ,          94,        7.6,                  67,                 52,                  24.89,               70.4,                57.8,         4,             451943,             4337,                17.18,                        17.34, Mobile        , Premium          , HD        ,       439201, 1040178, 394673,                    110,                  25,                7, No         , Yes             , Yes
       188, Firestorm             , Apple TV+   , Movie           , Fantasy    , Korean    , United Kingdom, G         ,         2017,             8,        ,         ,         126,        6.6,                  80,                 98,                  22.27,               90.9,                50.4,         2,              76100,            69526,                43.52,                         2.87, Laptop        , Standard         , Full HD   ,       278055, 1432195,  21515,                     29,                  35,               11, No         , No              , No
       189, The Confession        , Amazon Prime, Mini-Series     , Fantasy    , Mandarin  , Germany       , TV-G      ,         2018,            12,       1,        8,          48,        8.2,                  86,                 73,                  64.42,               47.8,                44.4,         0,             352741,             1110,                41.59,                         2.89, Smart TV      , Premium          , SD        ,       359449,  935308, 184305,                     61,                  19,                8, Yes        , Yes             , Yes
       190, Countdown 3           , Amazon Prime, Movie           , Comedy     , Mandarin  , India         , TV-PG     ,         2024,             3,        ,         ,          89,        7.8,                  52,                 67,                  44.41,               84.3,                69.8,         2,             403365,            55965,                34.63,                       133.68, Tablet        , Standard         , HD        ,       409378,  155283, 145388,                     20,                  25,               12, No         , Yes             , No
       191, Frequency             , Paramount+  , Movie           , Documentary, Hindi     , Canada        , TV-PG     ,         2017,            11,        ,         ,         137,        4.6,                  89,                 85,                  20.82,               93.5,                91.2,         5,             135788,            13538,                 1.79,                        14.55, Gaming Console, Standard         , 4K        ,         9888, 1880222, 260948,                     43,                   1,                1, No         , No              , Yes
       192, Overload              , Peacock     , Stand-Up Special, Drama      , Portuguese, Mexico        , TV-G      ,         2022,             7,        ,         ,         126,        8.6,                  28,                 99,                  21.53,               57.7,                73.8,         3,              63545,            74349,                26.79,                       198.32, Tablet        , Premium          , Full HD   ,       210087,  115851, 331502,                    170,                   6,               11, No         , Yes             , No
       193, Zenith                , Hulu        , Series          , Animation  , English   , Germany       , R         ,         2019,            12,       7,       63,          44,        6.7,                  76,                 54,                  13.38,               20.6,                76.1,         4,             125034,            64124,                19.47,                       158.65, Gaming Console, Standard         , 4K        ,       279988, 1749649, 425615,                    120,                   2,                1, No         , Yes             , No
       194, Axis                  , Peacock     , Movie           , Thriller   , Portuguese, Spain         , PG-13     ,         2024,             4,        ,         ,          84,        4.2,                  38,                 92,                  62.15,               47.5,                91.6,         0,             127235,            91920,                32.46,                         3.37, Gaming Console, Basic            , Full HD   ,       430353, 1664603,  51019,                    121,                  40,                5, Yes        , Yes             , Yes
       195, Nightfall City        , Hulu        , Movie           , Thriller   , German    , France        , TV-PG     ,         2020,             2,        ,         ,         162,        7.2,                  37,                 71,                  79.48,              131.6,                79.6,         4,              90936,            43975,                 3.21,                        55.14, Laptop        , Basic            , Full HD   ,       290195,  346142, 229994,                     67,                  38,                1, Yes        , Yes             , No
       196, Vertex 5              , Amazon Prime, Movie           , Drama      , French    , United Kingdom, TV-MA     ,         2021,            12,        ,         ,         178,        8.4,                  80,                 46,                  19.66,              119.3,                60.8,         3,             125437,            22878,                30.55,                         8.01, Mobile        , Premium          , 4K        ,       320940, 1993019,  46158,                    165,                  20,               11, No         , Yes             , Yes
       197, Burning Bridges 2     , Apple TV+   , Stand-Up Special, Animation  , Hindi     , Spain         , R         ,         2019,             1,        ,         ,          99,        4.6,                  39,                 90,                  47.31,               28.4,                92.0,         0,             338092,            47735,                14.29,                        87.22, Tablet        , Premium          , 4K        ,        22760,  219086, 388201,                     18,                  35,                5, Yes        , Yes             , No
       198, The Pursuit of Truth 3, Paramount+  , Stand-Up Special, Crime      , Japanese  , Germany       , R         ,         2020,             4,        ,         ,         174,        4.6,                  49,                 42,                  22.6 ,               80.6,                35.6,         1,              38550,            61733,                29.28,                        11.34, Laptop        , Basic            , HD        ,       486530, 1278174, 238556,                     50,                  25,               11, Yes        , No              , Yes
       199, Uprising              , HBO Max     , Series          , Romance    , French    , United States , G         ,         2019,             3,       2,       40,          51,        6.3,                  63,                 58,                  84.22,               36.7,                81.6,         5,             499520,            80154,                45.28,                       115.84, Desktop       , Basic            , SD        ,       215897, 1797304, 273567,                    130,                  14,               15, No         , No              , Yes
       200, Catalyst              , Hulu        , Series          , Romance    , German    , Canada        , R         ,         2024,             3,       1,       19,          24,        4.2,                  80,                 94,                   3.29,               19.8,                57.4,         5,             430593,            12844,                22.65,                        48.48, Desktop       , Basic            , 4K        ,       498088,  457292,  69589,                     96,                  19,                7, Yes        , Yes             , No
       201, Burnout               , Paramount+  , Stand-Up Special, Biography  , Mandarin  , United States , TV-G      ,         2022,             3,        ,         ,         165,        6.2,                  67,                 89,                  66.9 ,               15.2,                68.9,         3,             468416,            90538,                16.68,                         7.03, Laptop        , Standard         , HD        ,       413027, 1435946,  42455,                    163,                  22,                1, No         , Yes             , Yes
       202, Flashpoint            , Netflix     , Mini-Series     , Romance    , French    , Australia     , PG        ,         2023,            12,       1,        4,          34,        9.4,                  50,                 99,                  10.88,               24.1,                93.3,         4,             456723,            92123,                10.53,                       149.13, Mobile        , Standard         , Full HD   ,       470825,  560790, 264023,                    179,                  28,                8, Yes        , Yes             , No
       203, The Informant         , Amazon Prime, Documentary     , Biography  , Portuguese, Australia     , TV-MA     ,         2022,            10,        ,         ,          53,        5.0,                  78,                 41,                   7.71,               49.1,                42.5,         0,              57338,            21596,                13.83,                       139.57, Laptop        , Basic            , HD        ,       273040, 1996808, 328883,                     10,                  19,               13, Yes        , No              , No
       204, Silent Echo           , Netflix     , Mini-Series     , Thriller   , Spanish   , United States , R         ,         2023,            11,       1,        5,          43,        7.2,                  61,                 92,                  56.41,               34.5,                85.7,         3,             240127,            39856,                28.38,                       179.71, Tablet        , Basic            , Full HD   ,       118949, 1015631, 194993,                     78,                   4,                4, No         , No              , No
       205, Starfall              , Disney+     , Stand-Up Special, Horror     , French    , India         , PG-13     ,         2017,             4,        ,         ,          89,        4.2,                  60,                 46,                  41.94,               42.4,                36.0,         5,              18187,            87235,                15.88,                        69.1 , Tablet        , Standard         , HD        ,       279832,  632516,  63705,                     11,                  26,               15, Yes        , No              , No
       206, Iron Will 4           , HBO Max     , Documentary     , Horror     , Mandarin  , Australia     , PG-13     ,         2024,            12,        ,         ,          88,        7.8,                  81,                 35,                  13.33,               55.2,                44.0,         3,             323759,            28883,                22.33,                        18.95, Smart TV      , Premium          , HD        ,       305936, 1104111, 116477,                     76,                  13,                0, Yes        , No              , Yes
       207, The Pursuit of Truth  , Paramount+  , Mini-Series     , Crime      , Mandarin  , Brazil        , G         ,         2020,             7,       1,        4,          52,        8.7,                  67,                 79,                  35.48,               25.5,                47.4,         3,             458385,            73535,                 4.43,                       145.71, Laptop        , Premium          , 4K        ,       421412,  928098, 151337,                     46,                  28,               13, Yes        , Yes             , Yes
       208, Fractured             , Apple TV+   , Movie           , Crime      , German    , United Kingdom, G         ,         2021,            11,        ,         ,         109,        6.3,                  91,                 89,                  67.5 ,               86.0,                30.7,         1,             436356,            50039,                14.51,                        98.37, Tablet        , Premium          , Full HD   ,       259100, 1172997, 387907,                    123,                  15,                0, Yes        , Yes             , No
       209, The Witness           , Paramount+  , Movie           , Fantasy    , Korean    , Germany       , PG-13     ,         2022,            12,        ,         ,         157,        5.3,                  35,                 65,                  46.89,              152.8,                66.7,         2,             304645,            62978,                28.3 ,                       173.74, Gaming Console, Premium          , 4K        ,       364034, 1716159,  62706,                    100,                  33,                0, No         , Yes             , Yes
       210, Vanishing Point       , Disney+     , Mini-Series     , Action     , English   , Japan         , TV-14     ,         2021,            11,       1,        5,          31,        5.6,                  87,                 39,                  48.87,               27.3,                34.3,         0,             313923,            98648,                 8.4 ,                        64.86, Tablet        , Premium          , Full HD   ,       142372, 1437579, 365945,                    181,                  24,                3, No         , Yes             , Yes
       211, The Uprising          , Apple TV+   , Documentary     , Sci-Fi     , Japanese  , India         , PG        ,         2018,             3,       1,        4,         116,        7.4,                  87,                 98,                  67.72,               85.9,                82.6,         3,             241430,            10013,                 5.87,                        26.68, Smart TV      , Standard         , Full HD   ,       163404, 1449338, 190100,                     40,                  29,               10, Yes        , No              , Yes
       212, Nexus                 , Hulu        , Series          , Biography  , French    , Mexico        , R         ,         2019,             3,       4,       40,          27,        6.3,                  34,                 39,                   1.88,               20.8,                53.6,         1,              56527,             4298,                39.66,                       102.94, Smart TV      , Standard         , SD        ,       476381,  530705,  22701,                     21,                  20,                0, Yes        , Yes             , Yes
       213, Shockwave             , Disney+     , Mini-Series     , Drama      , Spanish   , India         , TV-MA     ,         2024,             6,       1,        5,          35,        8.7,                  98,                 60,                  48.02,               16.4,                83.9,         0,             277263,            28442,                35.8 ,                       192.87, Mobile        , Premium          , SD        ,       380341,  207058, 484573,                     59,                  33,               15, No         , Yes             , No
       214, Lockdown              , Disney+     , Mini-Series     , Sci-Fi     , German    , South Korea   , R         ,         2021,             2,       1,        5,          33,        6.6,                  86,                 47,                  47.15,               21.5,                42.5,         5,              21290,            10780,                16.44,                        23.59, Tablet        , Standard         , Full HD   ,       360260, 1763993, 232770,                     62,                  36,               13, No         , No              , Yes
       215, The Inheritance       , Paramount+  , Mini-Series     , Action     , English   , Australia     , TV-G      ,         2016,             7,       1,        6,          46,        7.6,                  30,                 45,                  13.71,               27.4,                66.1,         0,             388723,            22114,                 3.28,                       195.05, Tablet        , Basic            , 4K        ,        64412,  488463, 439420,                    113,                  32,                8, No         , No              , No
       216, The Conspiracy Files  , Peacock     , Documentary     , Animation  , Korean    , India         , TV-G      ,         2016,             2,        ,         ,         107,        6.7,                  37,                 33,                   9.55,               19.9,                25.3,         5,              14024,            23474,                19.16,                       136.0 , Mobile        , Standard         , SD        ,       398598,  160568, 346606,                    138,                  32,               14, Yes        , No              , No
       217, The Great Escape      , Apple TV+   , Stand-Up Special, Animation  , English   , United States , TV-PG     ,         2016,             7,        ,         ,         132,        5.7,                  68,                 86,                  43.72,               18.8,                63.4,         2,             463837,            92544,                 8.25,                        86.42, Tablet        , Premium          , 4K        ,       255616, 1602347,  57357,                    150,                  32,               15, No         , Yes             , Yes
       218, Neon Lights           , Peacock     , Stand-Up Special, Fantasy    , Japanese  , Japan         , TV-14     ,         2015,             1,        ,         ,         150,        4.2,                  66,                 74,                  76.93,               93.8,                79.7,         5,             178916,            49882,                 4.91,                        69.36, Tablet        , Standard         , Full HD   ,        29645, 1386820, 128056,                     68,                  16,                9, Yes        , Yes             , No
       219, The Reckoning         , Netflix     , Stand-Up Special, Romance    , English   , Spain         , TV-PG     ,         2024,             9,        ,         ,         128,        5.5,                  80,                 32,                  93.65,               57.7,                50.4,         4,              51236,            64010,                 5.05,                       135.18, Tablet        , Standard         , Full HD   ,        87410, 1289487, 157045,                     98,                  28,                6, No         , Yes             , Yes
       220, The Heist             , HBO Max     , Stand-Up Special, Sci-Fi     , Hindi     , Canada        , PG        ,         2024,             2,        ,         ,         150,        5.9,                  28,                 97,                  45.2 ,               43.3,                82.1,         5,             431876,            39563,                25.26,                        60.33, Gaming Console, Premium          , Full HD   ,       104947,  868979, 210931,                     69,                  40,               14, Yes        , Yes             , Yes
       221, Firestorm             , Paramount+  , Mini-Series     , Fantasy    , Portuguese, Canada        , TV-PG     ,         2024,            12,       1,        8,          31,        6.9,                  66,                 89,                  14.12,               17.4,                73.5,         2,             442563,            57067,                20.54,                       172.11, Smart TV      , Premium          , HD        ,       443580,  865045, 139960,                     78,                  11,                8, Yes        , No              , Yes
       222, The Reckoning 2       , Hulu        , Mini-Series     , Documentary, Italian   , Brazil        , TV-PG     ,         2021,            11,       1,        3,          36,        4.9,                  37,                 33,                  24.62,               31.9,                71.4,         1,             337795,             5535,                48.19,                        97.43, Smart TV      , Basic            , SD        ,       164626, 1261746, 156236,                     21,                  27,               11, Yes        , No              , Yes
       223, Crossroads 2          , HBO Max     , Documentary     , Comedy     , Hindi     , Canada        , PG        ,         2020,             6,        ,         ,          75,        9.1,                  47,                 48,                  10.24,               27.8,                41.4,         3,             133329,            77264,                 2.84,                       106.93, Gaming Console, Basic            , Full HD   ,       286177,  888833, 248970,                    179,                  16,                8, Yes        , No              , No
       224, Reboot                , HBO Max     , Movie           , Fantasy    , Mandarin  , United States , G         ,         2018,             5,        ,         ,         145,        6.1,                  66,                 45,                  50.86,               45.7,                54.5,         0,             476991,            51508,                46.38,                       183.63, Tablet        , Basic            , HD        ,       155985,  441312, 450591,                     46,                  29,               10, No         , Yes             , No
       225, Parallel Lives        , Paramount+  , Documentary     , Biography  , German    , France        , TV-PG     ,         2016,             3,        ,         ,         109,        4.4,                  73,                 71,                  43.11,               17.6,                24.1,         5,              96332,            82595,                22.2 ,                       128.4 , Smart TV      , Standard         , HD        ,       329458,  640879, 164490,                    152,                   6,                3, Yes        , Yes             , Yes
       226, Blowback              , Apple TV+   , Documentary     , Documentary, French    , Japan         , PG-13     ,         2024,             6,        ,         ,          70,        4.5,                  67,                 53,                  37.44,               35.8,                85.1,         4,             117695,             2717,                47.41,                       184.66, Gaming Console, Premium          , HD        ,       475497,  186697, 242453,                     55,                  17,                5, Yes        , No              , No
       227, Blowback              , Amazon Prime, Mini-Series     , Action     , Mandarin  , United Kingdom, G         ,         2023,             7,       1,        6,          56,        7.7,                  35,                 58,                  67.82,               22.8,                87.2,         2,             150975,            97837,                24.73,                        26.47, Mobile        , Premium          , HD        ,       432109,  593525, 381014,                    178,                  13,               13, Yes        , No              , Yes
       228, Neon City             , HBO Max     , Series          , Crime      , Italian   , South Korea   , TV-14     ,         2024,            11,       8,       64,          22,        6.6,                  61,                 80,                  65.28,               20.0,                75.3,         5,             313102,            33584,                 3.7 ,                       111.62, Smart TV      , Standard         , HD        ,       246954, 1904789, 185766,                    160,                  39,                1, Yes        , No              , No
       229, The Witness           , Apple TV+   , Series          , Animation  , English   , Canada        , PG-13     ,         2019,             3,       8,      128,          51,        4.7,                  60,                 97,                  41.19,               24.4,                44.4,         1,             261730,            36831,                37.4 ,                       185.28, Tablet        , Standard         , Full HD   ,       271092,  656530, 228481,                     47,                  21,               15, Yes        , No              , Yes
       230, Burning Bridges 3     , Disney+     , Movie           , Documentary, Korean    , India         , TV-G      ,         2021,             2,        ,         ,         138,        4.2,                  65,                 92,                  43.54,               28.8,                76.1,         1,              64830,            45823,                 4.72,                       173.7 , Mobile        , Basic            , Full HD   ,       295353, 1868441, 347685,                    154,                  14,                0, Yes        , No              , Yes
       231, The Verdict           , Amazon Prime, Mini-Series     , Drama      , Korean    , Australia     , PG        ,         2021,             6,       1,        7,          59,        9.2,                  61,                 49,                   2.84,               35.3,                75.2,         3,             238055,            82359,                47.76,                       119.04, Smart TV      , Standard         , SD        ,       344073, 1305293, 498553,                    120,                  21,                4, Yes        , Yes             , No
       232, Borderline            , Amazon Prime, Stand-Up Special, Crime      , German    , United Kingdom, TV-PG     ,         2019,             3,        ,         ,         105,        9.3,                  71,                 41,                   2.05,               33.7,                50.3,         3,             149388,            84825,                37.64,                       130.99, Smart TV      , Standard         , 4K        ,       420057,  906821, 385827,                     84,                  39,                4, No         , Yes             , No
       233, The Pursuit of Truth 5, Peacock     , Documentary     , Horror     , Mandarin  , Canada        , TV-PG     ,         2016,             7,        ,         ,          68,        6.4,                  74,                 41,                   3.94,               33.1,                56.2,         1,             339534,            89946,                35.7 ,                       186.17, Desktop       , Premium          , SD        ,       152462,  982026, 229310,                     25,                  31,                9, Yes        , Yes             , No
       234, Horizon               , Peacock     , Mini-Series     , Crime      , English   , Brazil        , PG        ,         2015,             9,       1,        3,          46,        6.3,                  32,                 89,                  62.82,               32.6,                39.8,         2,             307006,            10717,                38.44,                         3.75, Gaming Console, Premium          , 4K        ,        94187, 1648832,  95539,                    105,                   3,                2, No         , No              , No
       235, Shockwave             , Paramount+  , Stand-Up Special, Horror     , Japanese  , India         , R         ,         2017,             2,        ,         ,         170,        9.4,                  53,                 43,                  41.27,               17.8,                50.8,         0,              90038,            85957,                23.88,                       138.52, Gaming Console, Premium          , 4K        ,       158804, 1297187, 426325,                    162,                  24,               12, No         , Yes             , Yes
       236, The Uprising 2        , Netflix     , Series          , Drama      , Hindi     , Spain         , PG-13     ,         2018,             7,       4,       32,          41,        8.2,                  38,                 90,                  40.14,               18.0,                90.4,         5,             368363,            58361,                48.2 ,                        94.56, Laptop        , Premium          , HD        ,       105609,  618406, 298555,                    105,                   4,               10, Yes        , Yes             , No
       237, Silent Echo           , HBO Max     , Movie           , Documentary, German    , Spain         , TV-G      ,         2018,            12,        ,         ,          82,        6.9,                  74,                 70,                  52.6 ,               32.9,                70.6,         3,              61310,            64852,                31.15,                       129.41, Laptop        , Premium          , 4K        ,        10958,  338440, 151010,                    190,                  13,               15, No         , No              , Yes
       238, Deadlock City         , Apple TV+   , Stand-Up Special, Biography  , Italian   , India         , TV-MA     ,         2021,             7,        ,         ,         161,        7.6,                  66,                 90,                  76.0 ,              138.3,                68.5,         2,             362124,            98206,                 4.36,                        96.84, Mobile        , Basic            , HD        ,       317636, 1032288,  52912,                    111,                  32,                9, Yes        , Yes             , Yes
       239, Dark Waters           , HBO Max     , Mini-Series     , Fantasy    , French    , India         , G         ,         2016,             6,       1,        6,          33,        7.4,                  35,                 58,                  46.26,               32.9,                81.2,         0,             403751,            73010,                13.41,                        30.66, Gaming Console, Premium          , SD        ,       370409,  105842, 485832,                    117,                  30,                3, Yes        , Yes             , Yes
       240, Deadlock City 2       , Hulu        , Mini-Series     , Action     , Korean    , Mexico        , TV-G      ,         2023,             8,       1,        8,          57,        4.5,                  66,                 72,                  77.84,               20.2,                35.7,         3,             403292,              863,                12.3 ,                       161.92, Tablet        , Standard         , HD        ,        44737,  557975, 195273,                    188,                  27,               11, Yes        , Yes             , No
       241, Axis                  , Peacock     , Documentary     , Sci-Fi     , Italian   , Brazil        , TV-14     ,         2015,             8,       1,        1,         111,        9.2,                  30,                 73,                  29.97,              109.3,                32.8,         0,             206184,            99508,                 1.9 ,                       184.54, Mobile        , Premium          , SD        ,       331194, 1496144, 418953,                    174,                  34,                9, No         , No              , No
       242, Override              , Apple TV+   , Movie           , Horror     , Portuguese, Canada        , PG-13     ,         2021,             8,        ,         ,         157,        5.1,                  89,                 86,                  66.29,              141.0,                81.0,         3,             406533,            25859,                44.05,                        17.31, Desktop       , Standard         , 4K        ,       380210, 1507701, 388010,                     37,                  34,                9, Yes        , Yes             , No
       243, Hollow Ground Zero    , Disney+     , Movie           , Drama      , Portuguese, Canada        , TV-MA     ,         2018,             5,        ,         ,         167,        6.3,                  84,                 44,                  69.57,              142.9,                40.3,         4,             185846,            16228,                 2.43,                       130.37, Smart TV      , Standard         , Full HD   ,       300170, 1545404,   2743,                    121,                  22,                7, Yes        , No              , No
       244, The Heist             , Disney+     , Documentary     , Animation  , Hindi     , United Kingdom, TV-14     ,         2023,            10,       1,        6,         103,        4.5,                  74,                 82,                   7.88,               20.5,                89.3,         3,             112608,            58479,                 3.95,                       135.53, Laptop        , Premium          , 4K        ,       457236,  553105, 306353,                    132,                  28,               14, No         , No              , Yes
       245, Vanishing Point       , Paramount+  , Documentary     , Action     , Portuguese, Brazil        , PG        ,         2018,             8,        ,         ,          49,        8.1,                  91,                 77,                  87.57,               19.0,                86.5,         0,              63368,            48442,                28.61,                         8.54, Mobile        , Basic            , Full HD   ,       159918,  785399, 159005,                     80,                  32,                0, Yes        , Yes             , No
       246, Blue Horizon          , HBO Max     , Mini-Series     , Thriller   , French    , Mexico        , TV-G      ,         2015,             2,       1,        7,          41,        4.4,                  25,                 83,                  45.76,               23.1,                55.3,         2,             409652,            49454,                23.79,                       144.15, Desktop       , Basic            , HD        ,       264691, 1334853, 241673,                    120,                  29,                4, No         , Yes             , No
       247, Flashpoint            , Peacock     , Mini-Series     , Animation  , English   , Australia     , TV-G      ,         2019,            11,       1,        3,          57,        4.9,                  23,                 69,                  53.34,               20.2,                63.6,         1,             324379,            71019,                28.86,                        11.05, Desktop       , Premium          , HD        ,       393558,  997999, 263537,                      9,                   8,                5, Yes        , No              , Yes
       248, The Verdict           , Paramount+  , Movie           , Animation  , Mandarin  , France        , TV-PG     ,         2024,             1,        ,         ,         137,        8.7,                  22,                 73,                  41.57,               65.6,                87.1,         2,             200283,            33708,                 4.6 ,                       195.97, Desktop       , Basic            , Full HD   ,        75565,  383184, 133994,                     27,                  10,                9, No         , Yes             , Yes
       249, Fallout               , Disney+     , Movie           , Biography  , English   , Japan         , TV-PG     ,         2016,             6,        ,         ,          93,        6.3,                  61,                 63,                  35.74,               79.6,                29.4,         1,             125631,            98583,                29.87,                        47.68, Desktop       , Premium          , 4K        ,       497786,  241443, 141194,                     20,                  21,               14, No         , Yes             , No
       250, Neon City             , Hulu        , Movie           , Horror     , Portuguese, Canada        , PG        ,         2018,             9,        ,         ,         158,        8.3,                  58,                 82,                  42.42,              136.0,                59.0,         1,             195719,            70836,                49.27,                       156.51, Desktop       , Standard         , 4K        ,        21961,    2199, 426069,                    123,                  40,                9, Yes        , Yes             , Yes
       251, Borderline Cases      , HBO Max     , Documentary     , Romance    , Hindi     , Canada        , TV-MA     ,         2015,             3,       1,        5,          56,        6.2,                  35,                 47,                  68.91,               56.0,                88.5,         1,             320049,            66167,                47.87,                        64.0 , Gaming Console, Standard         , Full HD   ,       394678, 1484367, 237364,                     74,                  16,               10, No         , Yes             , No
       252, Blowback              , Disney+     , Movie           , Crime      , Italian   , United States , G         ,         2017,             7,        ,         ,         146,        8.9,                  82,                 80,                  51.17,              118.1,                70.6,         0,             282407,             4056,                44.63,                       163.3 , Laptop        , Premium          , SD        ,       185120, 1704625, 197339,                    158,                  23,               12, Yes        , Yes             , Yes
       253, The Heist Plan        , Hulu        , Documentary     , Drama      , Hindi     , Mexico        , G         ,         2019,            11,        ,         ,          69,        4.5,                  98,                 68,                  76.82,               26.9,                96.4,         2,              19291,            36799,                24.67,                       140.96, Desktop       , Basic            , SD        ,       102855, 1722120, 334734,                    106,                   8,                8, No         , Yes             , Yes
       254, Flashback             , Disney+     , Movie           , Crime      , French    , Mexico        , PG        ,         2017,             5,        ,         ,         147,        8.7,                  86,                 65,                  18.31,              104.5,                97.4,         5,             355328,            69853,                30.74,                       136.3 , Laptop        , Basic            , 4K        ,       336100, 1411692, 494452,                    171,                   4,               10, No         , No              , No
       255, Ember Falls           , Paramount+  , Documentary     , Romance    , Portuguese, United States , R         ,         2015,             5,        ,         ,         113,        6.5,                  20,                 80,                  18.57,               23.0,                64.6,         0,             386633,            29573,                48.91,                        85.05, Smart TV      , Basic            , HD        ,        86285,  690534, 162961,                     21,                   7,                0, No         , No              , Yes
       256, Shockwave             , Apple TV+   , Mini-Series     , Thriller   , Spanish   , Spain         , R         ,         2020,             1,       1,        5,          46,        8.4,                  29,                 86,                  72.61,               34.4,                65.2,         0,              31817,             4370,                18.9 ,                       178.07, Gaming Console, Basic            , HD        ,        32557, 1927625, 420691,                    118,                   4,                9, No         , Yes             , Yes
       257, Lockdown 2            , HBO Max     , Documentary     , Sci-Fi     , Spanish   , Canada        , TV-PG     ,         2018,            10,       1,        8,          94,        6.6,                  74,                 42,                  32.33,               89.1,                81.1,         3,             271168,            43017,                29.41,                        22.05, Smart TV      , Premium          , SD        ,       310893, 1655626, 440820,                     54,                  37,                4, No         , No              , No
       258, Borderline Cases      , Paramount+  , Series          , Thriller   , French    , United States , G         ,         2017,             5,       7,      154,          44,        5.7,                  89,                 48,                  14.09,               24.0,                46.7,         2,               4237,            67853,                29.34,                       135.82, Smart TV      , Basic            , SD        ,       221331,  721134, 102459,                     56,                  13,                2, No         , Yes             , No
       259, Gridlock              , Paramount+  , Stand-Up Special, Biography  , Japanese  , Canada        , TV-14     ,         2024,             5,        ,         ,         128,        5.8,                  33,                 88,                  83.24,              117.9,                58.7,         0,             334897,            29232,                34.68,                        93.57, Mobile        , Basic            , 4K        ,       385184, 1611443, 499440,                     89,                  25,                6, No         , Yes             , Yes
       260, The Pursuit 4         , Netflix     , Stand-Up Special, Comedy     , French    , Japan         , TV-G      ,         2018,            11,        ,         ,         149,        9.0,                  66,                 35,                  92.66,               41.7,                42.2,         1,             464195,            34340,                35.96,                        68.29, Desktop       , Basic            , HD        ,       102803,   45172,  92325,                     72,                   7,                0, Yes        , No              , Yes
       261, Nightfall             , HBO Max     , Documentary     , Thriller   , Japanese  , France        , PG-13     ,         2023,            10,        ,         ,          53,        4.7,                  36,                 54,                  18.29,               29.4,                49.2,         4,             225202,            83380,                12.27,                         9.72, Desktop       , Premium          , HD        ,       448020, 1123058, 154246,                     43,                  21,                7, Yes        , No              , Yes
       262, The Pursuit of Truth  , Paramount+  , Series          , Biography  , Spanish   , Spain         , PG        ,         2017,             9,       7,      154,          45,        6.7,                  79,                 52,                  30.64,               26.2,                74.2,         5,             259413,            62096,                13.45,                        80.49, Desktop       , Premium          , SD        ,       108682,  460479, 469187,                     56,                  29,                7, No         , Yes             , No
       263, Iron Fist             , Disney+     , Mini-Series     , Horror     , Portuguese, United Kingdom, PG-13     ,         2016,             5,       1,        6,          46,        5.9,                  94,                 35,                  44.25,               34.3,                53.2,         3,             226757,            53602,                18.41,                        99.76, Tablet        , Standard         , SD        ,        94194,  926387, 122583,                     72,                   5,               11, Yes        , No              , Yes
       264, Axis                  , Hulu        , Movie           , Comedy     , Spanish   , France        , G         ,         2023,             4,        ,         ,         117,        5.1,                  62,                 62,                  28.83,               98.2,                73.3,         2,              99951,            92489,                30.22,                        28.0 , Gaming Console, Premium          , Full HD   ,         4524, 1615066, 157020,                     77,                  23,               12, No         , Yes             , No
       265, Blackout              , Disney+     , Documentary     , Thriller   , Hindi     , Mexico        , R         ,         2022,             4,        ,         ,         104,        5.9,                  30,                 70,                  80.37,               53.2,                93.5,         3,             109882,            57498,                22.53,                       111.91, Tablet        , Basic            , HD        ,       160257, 1978456, 386832,                      7,                  32,               11, No         , Yes             , No
       266, Iron Fist             , Peacock     , Stand-Up Special, Horror     , Japanese  , Canada        , G         ,         2024,             1,        ,         ,          92,        4.8,                  62,                 80,                  93.12,               30.7,                50.5,         4,             202602,            24685,                23.77,                        66.1 , Laptop        , Premium          , Full HD   ,        48935,  359601,  54700,                    177,                  36,                5, Yes        , No              , Yes
       267, The Prodigy 5         , HBO Max     , Series          , Thriller   , Korean    , Australia     , PG        ,         2022,             1,       6,      132,          22,        4.9,                  72,                 80,                  15.0 ,               15.8,                61.8,         3,             389620,             9012,                19.48,                       180.77, Mobile        , Basic            , HD        ,       162451,  906490, 428823,                    186,                  31,                5, No         , Yes             , No
       268, Darkroom              , Disney+     , Documentary     , Comedy     , German    , Canada        , R         ,         2023,             6,        ,         ,         103,        6.5,                  25,                 41,                  27.42,               92.5,                55.6,         5,             441785,            93277,                39.63,                        78.52, Mobile        , Standard         , HD        ,        94200, 1887462, 323881,                    115,                  30,               12, Yes        , Yes             , No
       269, Overload              , Hulu        , Series          , Horror     , Portuguese, Japan         , PG        ,         2018,             8,       7,      161,          29,        9.5,                  29,                 43,                  47.97,               25.9,                52.0,         1,             132522,            27180,                25.33,                        92.7 , Smart TV      , Premium          , 4K        ,       199885,  720802, 391106,                    107,                  13,               12, Yes        , Yes             , No
       270, The Reckoning         , Disney+     , Mini-Series     , Fantasy    , Italian   , Spain         , TV-G      ,         2016,             2,       1,        7,          51,        5.3,                  76,                 47,                  44.78,               25.0,                32.6,         0,             318236,            13174,                 8.9 ,                        25.27, Gaming Console, Standard         , HD        ,        40727, 1408111, 400350,                      7,                  18,                4, No         , No              , Yes
       271, Wildfire              , Hulu        , Documentary     , Biography  , English   , Australia     , PG        ,         2021,            12,        ,         ,         101,        4.3,                  20,                 36,                  73.4 ,               81.0,                92.4,         2,             476450,            31265,                10.04,                         3.7 , Smart TV      , Basic            , Full HD   ,       430242,  403071, 356504,                    176,                   5,                7, Yes        , Yes             , Yes
       272, Crimson Tide          , Amazon Prime, Mini-Series     , Romance    , Portuguese, Australia     , R         ,         2024,             4,       1,        7,          42,        9.2,                  35,                 59,                  20.39,               24.6,                33.5,         3,             342880,            41450,                 0.65,                        42.95, Mobile        , Basic            , Full HD   ,       340808, 1308532, 193461,                     16,                   5,                6, No         , No              , No
       273, Silent Storm          , Disney+     , Mini-Series     , Comedy     , Mandarin  , France        , TV-PG     ,         2017,             6,       1,        4,          50,        8.2,                  60,                 91,                   6.51,               15.6,                91.1,         3,             200472,            66981,                32.05,                        46.87, Desktop       , Premium          , SD        ,       122002,   44587, 323154,                     36,                  20,                7, No         , Yes             , Yes
       274, Shadow Protocol 5     , HBO Max     , Series          , Action     , German    , South Korea   , G         ,         2018,            12,       8,      128,          30,        5.5,                  25,                 96,                  75.24,               21.2,                83.4,         0,             120067,            96059,                16.6 ,                        48.83, Desktop       , Basic            , HD        ,       420241, 1441577, 365060,                    189,                  15,               12, No         , Yes             , No
       275, Uprising 5            , Amazon Prime, Series          , Drama      , French    , South Korea   , PG-13     ,         2016,             3,       4,       52,          54,        4.4,                  79,                 69,                  15.68,               22.7,                53.1,         4,             130531,            39728,                14.3 ,                        89.93, Gaming Console, Basic            , Full HD   ,       452209, 1638581, 252282,                     25,                  24,               12, No         , Yes             , No
       276, Shattered             , Peacock     , Series          , Documentary, English   , Germany       , TV-PG     ,         2016,             5,       3,       69,          33,        5.4,                  79,                 69,                  43.15,               21.8,                67.3,         0,             174710,            17911,                35.76,                        39.55, Mobile        , Basic            , SD        ,       451805, 1050143, 382933,                    190,                  24,               15, No         , No              , No
       277, Nexus                 , Paramount+  , Mini-Series     , Fantasy    , Mandarin  , United Kingdom, TV-PG     ,         2015,             2,       1,        6,          59,        7.1,                  44,                 85,                  90.93,               48.9,                78.6,         2,             267181,            92946,                24.46,                       137.85, Gaming Console, Basic            , 4K        ,       485812,  889377, 385709,                     68,                  16,               15, Yes        , No              , Yes
       278, Overload              , Disney+     , Mini-Series     , Crime      , Italian   , Australia     , PG-13     ,         2019,             4,       1,        7,          48,        9.2,                  40,                 31,                  11.18,               18.0,                75.5,         3,             208491,            92545,                29.33,                       180.25, Desktop       , Basic            , 4K        ,        86989, 1740210, 223813,                     69,                  20,               12, No         , No              , Yes
       279, Silent Storm          , Apple TV+   , Series          , Horror     , Hindi     , Mexico        , TV-PG     ,         2019,             1,       3,       63,          22,        4.5,                  73,                 97,                  39.66,               17.0,                53.6,         1,             196425,            24431,                35.22,                        40.01, Mobile        , Premium          , SD        ,       236326, 1189378, 426974,                     59,                  12,                6, Yes        , Yes             , Yes
       280, Rising Tide           , Peacock     , Documentary     , Fantasy    , Mandarin  , United Kingdom, PG-13     ,         2016,             5,       1,        7,          60,        5.5,                  63,                 33,                  55.68,               36.5,                72.5,         0,               4984,             8002,                13.34,                       191.07, Gaming Console, Premium          , SD        ,        50823,  442742, 273863,                      6,                  25,                8, No         , No              , No
       281, Meltdown              , Apple TV+   , Mini-Series     , Romance    , Hindi     , France        , TV-PG     ,         2021,            10,       1,        3,          41,        8.8,                  32,                 30,                  43.46,               33.2,                76.6,         1,              13463,            78893,                 6.19,                       106.36, Gaming Console, Basic            , Full HD   ,       236985, 1296877, 359768,                    173,                  31,               13, Yes        , Yes             , No
       282, Dark Waters           , Netflix     , Mini-Series     , Fantasy    , Italian   , South Korea   , TV-G      ,         2021,            12,       1,        7,          55,        4.4,                  74,                 90,                  93.75,               49.3,                90.6,         5,             201776,            38517,                30.38,                       142.53, Desktop       , Premium          , SD        ,        67086, 1044324, 417773,                     27,                  20,               14, Yes        , No              , Yes
       283, Borderline Cases      , Hulu        , Series          , Thriller   , French    , Australia     , PG        ,         2016,             7,       1,       11,          42,        9.0,                  55,                 58,                  68.35,               33.0,                94.2,         5,              64538,            87225,                 6.83,                       107.14, Gaming Console, Standard         , SD        ,       417142, 1450877, 174493,                     62,                  37,                2, No         , No              , No
       284, Blackout              , Peacock     , Series          , Thriller   , Korean    , United Kingdom, TV-MA     ,         2016,             2,       2,       32,          59,        9.2,                  34,                 77,                  12.19,               28.8,                49.7,         5,                880,            40737,                 3.14,                       107.35, Laptop        , Standard         , Full HD   ,       404423,  765610, 418139,                    178,                   9,                7, Yes        , No              , Yes
       285, Undertow              , Apple TV+   , Series          , Horror     , Hindi     , Spain         , TV-G      ,         2017,            10,       5,       50,          24,        7.3,                  59,                 94,                  94.08,               16.1,                97.8,         5,             300926,            62689,                31.57,                        43.53, Tablet        , Premium          , 4K        ,        30884, 1699233, 174673,                     44,                  14,                7, Yes        , Yes             , No
       286, Catalyst              , Disney+     , Movie           , Animation  , German    , France        , TV-PG     ,         2022,             6,        ,         ,         171,        6.2,                  29,                 97,                  69.07,               59.0,                92.0,         5,             448922,            71828,                19.72,                        26.61, Desktop       , Basic            , Full HD   ,       239928, 1372966,  85833,                    152,                   9,               14, No         , No              , Yes
       287, Fractured             , Hulu        , Movie           , Romance    , Mandarin  , United Kingdom, PG-13     ,         2021,             7,        ,         ,         161,        8.6,                  27,                 42,                  33.84,               84.2,                93.7,         0,             270236,            85209,                16.96,                        87.05, Mobile        , Premium          , 4K        ,       128501,   71388,  62296,                     66,                  26,               15, No         , Yes             , No
       288, Vertex                , Amazon Prime, Documentary     , Fantasy    , German    , Japan         , TV-G      ,         2020,             1,       1,        2,          55,        4.7,                  85,                 58,                   2.29,               37.9,                64.7,         2,             363712,            97695,                 4.77,                       118.78, Laptop        , Standard         , 4K        ,       156478, 1198461,  65669,                     30,                  21,                2, Yes        , No              , Yes
       289, Neon Lights           , Paramount+  , Movie           , Animation  , Mandarin  , Brazil        , PG        ,         2018,            11,        ,         ,          90,        5.0,                  96,                 53,                   0.61,               48.5,                44.5,         0,              67536,            75377,                10.35,                        32.66, Desktop       , Standard         , SD        ,        44410,  261650, 265377,                     81,                  24,                5, No         , Yes             , Yes
       290, The Witness 4         , Paramount+  , Series          , Crime      , Italian   , Mexico        , TV-14     ,         2023,             6,       4,       36,          24,        5.3,                  44,                 48,                  28.54,               22.5,                94.7,         4,             289444,            28316,                29.61,                        55.84, Gaming Console, Premium          , 4K        ,        39035, 1153216, 133686,                     71,                  25,                5, No         , No              , Yes
       291, Shattered Glass       , Disney+     , Stand-Up Special, Thriller   , Spanish   , Australia     , TV-MA     ,         2018,            12,        ,         ,         122,        7.1,                  85,                 50,                  39.93,               31.4,                97.4,         3,             198674,             3396,                48.2 ,                        49.88, Tablet        , Basic            , SD        ,       358652, 1150112, 213280,                     21,                  22,                2, No         , No              , No
       292, Vanishing Point       , Hulu        , Mini-Series     , Drama      , Spanish   , Germany       , R         ,         2021,             2,       1,        3,          35,        6.9,                  59,                 92,                   9.17,               22.0,                64.6,         2,             289166,            35527,                30.39,                       179.37, Mobile        , Standard         , 4K        ,        94774,  723980, 422630,                    178,                  35,               12, No         , Yes             , No
       293, Midnight Sun          , Disney+     , Series          , Action     , German    , Canada        , TV-MA     ,         2015,            12,       6,       78,          60,        6.3,                  78,                 53,                  41.76,               30.9,                56.6,         2,             144610,            56068,                26.05,                       143.83, Mobile        , Standard         , SD        ,       496789,  641118, 213140,                     85,                   6,                2, Yes        , Yes             , Yes
       294, Starfall              , Amazon Prime, Mini-Series     , Animation  , Italian   , United States , TV-PG     ,         2023,            12,       1,        4,          45,        6.7,                  88,                 45,                  38.58,               33.5,                91.0,         5,               3822,            93606,                21.28,                       107.1 , Tablet        , Basic            , SD        ,       318488,  940991,  88369,                    177,                  34,                7, Yes        , Yes             , No
       295, Horizon 4             , Netflix     , Documentary     , Documentary, German    , India         , TV-14     ,         2016,             6,       1,        9,          60,        5.6,                  81,                 67,                  25.22,               15.1,                69.2,         3,             114013,            39953,                46.46,                       191.85, Desktop       , Basic            , 4K        ,       467973, 1295612, 444790,                    129,                   4,               11, Yes        , No              , No
       296, The Witness           , Netflix     , Mini-Series     , Biography  , French    , Germany       , TV-14     ,         2015,             2,       1,        6,          45,        5.1,                  87,                 95,                  85.37,               27.3,                91.2,         0,              81595,            86066,                12.54,                        94.4 , Tablet        , Standard         , Full HD   ,       224624, 1871165,  95525,                    142,                  18,                3, No         , No              , Yes
       297, The Uprising          , Peacock     , Movie           , Romance    , Hindi     , United Kingdom, R         ,         2019,             1,        ,         ,          92,        6.2,                  62,                 34,                  15.31,               30.3,                57.4,         5,             139355,            15570,                21.08,                       110.25, Gaming Console, Premium          , HD        ,       170384, 1575249, 400771,                    107,                  33,               12, Yes        , Yes             , Yes
       298, Orbit 3               , Apple TV+   , Stand-Up Special, Drama      , Hindi     , United States , TV-14     ,         2021,            10,        ,         ,         169,        4.0,                  81,                 67,                  26.88,               27.7,                53.5,         4,              79951,            95584,                25.59,                        50.27, Smart TV      , Standard         , HD        ,       349399, 1721042, 225012,                     55,                  31,                3, Yes        , Yes             , Yes
       299, Phantom Signal 5      , Netflix     , Mini-Series     , Thriller   , French    , Germany       , G         ,         2024,             4,       1,        3,          57,        4.3,                  72,                 97,                  29.18,               41.6,                38.1,         2,             223386,            62809,                 3.11,                        85.7 , Smart TV      , Standard         , SD        ,       141212,  762574, 147102,                     94,                  27,                7, No         , Yes             , Yes
       300, Crimson Tide 4        , Hulu        , Mini-Series     , Documentary, Korean    , Canada        , PG        ,         2021,             3,       1,        5,          60,        6.7,                  62,                 68,                  10.68,               45.1,                73.3,         1,             173650,            47260,                37.08,                        72.6 , Desktop       , Premium          , Full HD   ,       124962, 1363769, 144685,                     58,                  38,               12, Yes        , Yes             , Yes
       301, Uprising              , Amazon Prime, Movie           , Crime      , Hindi     , South Korea   , TV-G      ,         2016,             2,        ,         ,         144,        7.4,                  58,                 90,                  94.02,               41.1,                76.2,         0,              67020,            25127,                20.94,                       142.46, Desktop       , Standard         , Full HD   ,       235183, 1321021, 376095,                     35,                  28,                2, No         , No              , Yes
       302, Starfall              , Disney+     , Mini-Series     , Drama      , Mandarin  , United States , R         ,         2021,             8,       1,        8,          47,        8.8,                  29,                 51,                  41.64,               31.3,                63.9,         3,             210160,            79589,                13.61,                        37.22, Mobile        , Premium          , HD        ,       310487, 1461231,   4655,                    136,                  30,                8, No         , Yes             , No
       303, Shutdown              , Amazon Prime, Series          , Thriller   , English   , Brazil        , R         ,         2019,             1,       3,       42,          30,        5.5,                  26,                 61,                  94.01,               18.1,                29.1,         5,             182170,            82927,                30.28,                        74.14, Smart TV      , Premium          , Full HD   ,       378627,  280303, 214099,                    161,                  19,               10, Yes        , Yes             , No
       304, The Covenant          , HBO Max     , Series          , Horror     , English   , Brazil        , PG        ,         2021,            11,       5,      115,          35,        8.5,                  48,                 71,                  25.61,               26.6,                83.0,         3,              81600,            58465,                11.62,                       145.39, Tablet        , Basic            , 4K        ,        49171, 1040205,  95175,                    122,                  12,                5, Yes        , No              , Yes
       305, Breakdown             , HBO Max     , Series          , Action     , German    , Australia     , R         ,         2016,             3,       2,       38,          37,        6.5,                  71,                 42,                  68.84,               18.0,                78.5,         0,             316299,            13071,                18.92,                         4.63, Smart TV      , Premium          , SD        ,        69349,  520912, 403773,                     26,                  18,                4, Yes        , Yes             , Yes
       306, Freefall              , Apple TV+   , Movie           , Thriller   , French    , Spain         , TV-G      ,         2017,             5,        ,         ,         117,        6.6,                  51,                 37,                  51.68,               42.3,                62.4,         0,             432498,             5836,                 5.19,                        59.7 , Desktop       , Standard         , HD        ,          684, 1913052, 117614,                     11,                  15,               13, No         , Yes             , No
       307, Blackout              , Peacock     , Movie           , Documentary, French    , United Kingdom, R         ,         2016,             5,        ,         ,         120,        4.4,                  62,                 45,                  34.31,              112.1,                26.6,         0,             316935,            19805,                 8.94,                       106.33, Desktop       , Basic            , 4K        ,        78808, 1873103, 349853,                    180,                  20,                9, No         , Yes             , No
       308, Nightfall City        , HBO Max     , Movie           , Drama      , French    , Australia     , PG-13     ,         2020,             3,        ,         ,         124,        6.5,                  81,                 38,                  10.84,               61.6,                76.7,         1,              47420,            42343,                49.74,                        36.78, Laptop        , Standard         , Full HD   ,       259156,  888940, 252343,                    182,                  27,               10, Yes        , Yes             , No
       309, Silent Echo           , Paramount+  , Stand-Up Special, Animation  , Hindi     , Germany       , PG        ,         2024,            12,        ,         ,         128,        6.9,                  48,                 41,                  22.42,               15.3,                97.5,         0,             190001,            73187,                23.72,                        27.15, Smart TV      , Basic            , Full HD   ,       189243, 1780060, 445303,                     40,                  19,               14, Yes        , No              , Yes
       310, Fractured             , Netflix     , Series          , Comedy     , French    , Germany       , G         ,         2021,             6,       1,        9,          59,        4.4,                  96,                 50,                   2.96,               31.1,                26.2,         0,               6541,            74603,                41.56,                        83.59, Mobile        , Standard         , HD        ,       392273, 1106242, 366258,                     81,                  31,               13, No         , No              , Yes
       311, The Heist 2           , Netflix     , Stand-Up Special, Action     , Portuguese, India         , G         ,         2021,             7,        ,         ,         162,        9.2,                  78,                 63,                  87.33,               88.8,                75.3,         3,             488348,            20552,                13.63,                        18.84, Laptop        , Basic            , HD        ,       209976, 1298328,  29368,                     61,                  26,                5, Yes        , No              , No
       312, The Conspiracy        , Peacock     , Documentary     , Action     , English   , France        , TV-PG     ,         2018,             5,       1,        2,          54,        6.0,                  62,                 33,                  22.83,               21.3,                28.3,         1,             313058,             1438,                37.84,                        62.17, Desktop       , Basic            , SD        ,       126054,  564586,  44595,                    150,                  37,                1, No         , Yes             , Yes
       313, The Conspiracy 4      , Netflix     , Mini-Series     , Horror     , German    , Brazil        , R         ,         2020,             7,       1,        8,          41,        9.4,                  32,                 72,                  38.75,               34.3,                27.9,         1,              12417,            76962,                39.81,                        95.65, Smart TV      , Standard         , HD        ,        79499, 1431141, 242811,                     25,                   6,                7, Yes        , Yes             , Yes
       314, Deadlock City         , Apple TV+   , Documentary     , Action     , Japanese  , Japan         , TV-14     ,         2024,             7,       1,        7,          75,        5.1,                  98,                 39,                  91.02,               49.0,                97.6,         0,             421908,             1958,                 7.17,                       174.16, Desktop       , Basic            , 4K        ,        49392,  953901, 164488,                     48,                  19,                5, Yes        , No              , No
       315, Deadlock 3            , Paramount+  , Mini-Series     , Documentary, Korean    , Spain         , PG-13     ,         2016,            10,       1,        6,          31,        6.0,                  56,                 81,                  38.92,               24.9,                73.1,         3,             192273,            67171,                42.25,                       190.43, Tablet        , Basic            , 4K        ,       265309,  944011, 137807,                    179,                   3,                1, Yes        , Yes             , Yes
       316, Silent Storm          , Disney+     , Stand-Up Special, Sci-Fi     , Spanish   , South Korea   , TV-PG     ,         2022,            11,        ,         ,          86,        5.9,                  79,                 98,                  85.52,               48.0,                26.7,         5,              56805,            52028,                38.42,                        40.29, Tablet        , Basic            , Full HD   ,       179578, 1267554, 254968,                     59,                  31,                3, No         , No              , Yes
       317, Freefall 5            , Disney+     , Series          , Romance    , Mandarin  , United States , TV-PG     ,         2015,             6,       7,      147,          35,        4.3,                  22,                 84,                  25.71,               27.7,                26.5,         0,             143605,            53093,                 4.13,                       174.82, Laptop        , Standard         , HD        ,       351136, 1873010, 136035,                     52,                   4,                2, No         , No              , No
       318, Starfall 5            , Paramount+  , Documentary     , Animation  , French    , Mexico        , TV-PG     ,         2020,            12,        ,         ,          46,        7.1,                  96,                 55,                   7.48,               35.7,                68.1,         2,             348160,            96253,                37.15,                       147.48, Tablet        , Basic            , HD        ,       470074,  961977, 489600,                     42,                  32,               10, Yes        , No              , No
       319, Hollow Ground Zero    , Paramount+  , Series          , Fantasy    , Italian   , Australia     , PG        ,         2015,             4,       4,       76,          56,        8.3,                  96,                 78,                  20.61,               23.6,                34.9,         5,             302428,             1883,                18.54,                        73.08, Tablet        , Standard         , SD        ,       366693, 1046852, 340226,                    121,                  27,               13, No         , No              , No
       320, Hollow Ground Zero    , Apple TV+   , Movie           , Action     , Italian   , Germany       , TV-14     ,         2017,             9,        ,         ,         151,        4.9,                  75,                 78,                  27.15,              104.7,                73.1,         5,             148503,            92024,                31.04,                       185.06, Smart TV      , Basic            , SD        ,        47046, 1362461,   8622,                    162,                  27,                3, No         , Yes             , No
       321, Deadlock City         , Netflix     , Mini-Series     , Sci-Fi     , Hindi     , South Korea   , TV-G      ,         2023,             7,       1,        3,          36,        8.7,                  35,                 74,                  91.93,               34.2,                52.2,         5,             369012,            97144,                19.82,                       187.95, Mobile        , Premium          , Full HD   ,       140354, 1844769, 345348,                     72,                  20,               13, Yes        , Yes             , No
       322, The Forgotten 3       , Apple TV+   , Stand-Up Special, Biography  , Mandarin  , France        , TV-14     ,         2017,            10,        ,         ,         130,        5.3,                  70,                 54,                  58.58,               60.2,                24.0,         4,             224973,            16891,                46.97,                        78.39, Gaming Console, Basic            , 4K        ,       474096,  667256, 271212,                     45,                  28,                7, Yes        , Yes             , Yes
       323, Uprising              , Peacock     , Mini-Series     , Animation  , French    , France        , R         ,         2016,             2,       1,        3,          43,        4.1,                  95,                 49,                   2.74,               34.8,                91.8,         0,             299784,            50122,                 1.31,                       146.97, Laptop        , Premium          , Full HD   ,        97858,  502833, 342119,                     61,                  20,                6, Yes        , No              , No
       324, Flashback 2           , Disney+     , Movie           , Fantasy    , Mandarin  , United Kingdom, PG        ,         2022,            10,        ,         ,          90,        4.6,                  56,                 63,                  85.0 ,               22.0,                58.6,         2,             478527,            27259,                19.57,                        98.46, Smart TV      , Standard         , SD        ,       255125, 1312251,  40019,                     58,                  27,               12, No         , No              , Yes
       325, The Prodigy           , Disney+     , Stand-Up Special, Fantasy    , Mandarin  , United States , PG        ,         2020,             6,        ,         ,         136,        9.5,                  96,                 99,                   0.58,               78.1,                39.9,         0,             101106,            79444,                 1.53,                         5.1 , Desktop       , Basic            , HD        ,       454541,  765331,  60192,                     60,                   2,               10, Yes        , Yes             , Yes
       326, Catalyst              , Disney+     , Mini-Series     , Horror     , Italian   , South Korea   , PG        ,         2020,            12,       1,        7,          50,        5.6,                  83,                 85,                  48.75,               29.0,                35.1,         1,             103744,            90053,                42.31,                       143.62, Laptop        , Basic            , Full HD   ,        86899, 1665447, 107925,                    189,                  32,               13, No         , No              , No
       327, Frequency             , Amazon Prime, Stand-Up Special, Sci-Fi     , German    , South Korea   , TV-14     ,         2020,            11,        ,         ,         179,        4.4,                  41,                 34,                  91.02,               56.5,                52.0,         4,             433421,            84554,                47.52,                       106.33, Laptop        , Basic            , SD        ,        94371, 1696780, 169187,                    114,                  12,               11, Yes        , Yes             , Yes
       328, Flashback             , Disney+     , Mini-Series     , Comedy     , English   , France        , G         ,         2020,             4,       1,        6,          48,        8.4,                  49,                 38,                  36.69,               34.9,                61.1,         0,             294103,            36444,                35.83,                       189.28, Gaming Console, Basic            , 4K        ,       357683, 1585968, 228183,                     86,                  21,                6, Yes        , Yes             , No
       329, Nightfall City 4      , Peacock     , Movie           , Comedy     , Italian   , India         , TV-14     ,         2024,             7,        ,         ,         105,        7.2,                  56,                 32,                  61.18,               92.0,                97.1,         3,             149089,            17178,                42.09,                        80.86, Desktop       , Premium          , SD        ,       176939, 1352292,   8541,                     22,                  31,                3, No         , No              , No
       330, The Conspiracy        , Peacock     , Movie           , Animation  , Japanese  , Spain         , G         ,         2021,             5,        ,         ,         164,        9.4,                  83,                 45,                  80.11,              154.7,                28.0,         1,              25078,             1362,                 6.98,                       198.71, Gaming Console, Premium          , 4K        ,       118718,  357017,  46156,                     53,                  24,                0, Yes        , No              , Yes
       331, The Reckoning 4       , Amazon Prime, Mini-Series     , Romance    , Mandarin  , Germany       , TV-MA     ,         2017,             3,       1,        7,          44,        4.7,                  60,                 48,                  71.56,               40.7,                95.3,         3,             333920,            58560,                33.43,                       104.59, Mobile        , Premium          , 4K        ,       346745, 1027922, 147094,                     87,                  31,                7, Yes        , No              , No
       332, Reboot 3              , Hulu        , Movie           , Comedy     , Italian   , United States , R         ,         2015,            11,        ,         ,         102,        6.6,                  69,                 54,                  46.38,               44.6,                83.5,         4,             269445,            41072,                38.04,                        62.71, Laptop        , Premium          , HD        ,       444545, 1058137,  55406,                     38,                  15,               11, No         , No              , Yes
       333, Vertex                , Amazon Prime, Mini-Series     , Sci-Fi     , French    , Australia     , TV-MA     ,         2024,            11,       1,        3,          34,        6.5,                  33,                 44,                  22.93,               32.0,                34.6,         0,             249687,            86754,                26.57,                        70.72, Smart TV      , Premium          , SD        ,       185871,  904965, 111193,                     43,                  26,               13, No         , Yes             , No
       334, The Confession        , Netflix     , Documentary     , Biography  , German    , South Korea   , TV-MA     ,         2018,             7,       1,       10,          80,        6.9,                  83,                 96,                  41.25,               59.3,                70.4,         0,             115123,            15097,                 2.7 ,                         7.62, Tablet        , Basic            , SD        ,       279040,  211979, 144430,                     62,                  40,               12, No         , No              , Yes
       335, The Covenant          , HBO Max     , Documentary     , Thriller   , French    , South Korea   , TV-14     ,         2019,            12,        ,         ,          45,        4.5,                  84,                 91,                  70.24,               40.6,                73.7,         1,             165209,            89318,                 3.52,                        37.88, Laptop        , Basic            , SD        ,       349242,  995409, 224364,                     90,                   2,                5, No         , Yes             , Yes
       336, Lockdown              , Netflix     , Stand-Up Special, Romance    , Italian   , Canada        , G         ,         2022,             4,        ,         ,         135,        4.6,                  22,                 67,                  79.38,               78.0,                33.0,         1,             406457,            12308,                 5.04,                       160.88, Tablet        , Standard         , 4K        ,       385304,  735741, 286121,                     70,                  32,                8, No         , No              , Yes
       337, Wavelength            , Apple TV+   , Stand-Up Special, Fantasy    , Mandarin  , Spain         , PG        ,         2019,            11,        ,         ,         141,        8.0,                  22,                 48,                  92.97,              122.9,                71.4,         1,             187272,            65251,                 1.59,                       115.73, Gaming Console, Standard         , Full HD   ,       108214, 1561146,  46815,                     54,                  25,                3, No         , No              , Yes
       338, Rising Tide           , Apple TV+   , Mini-Series     , Sci-Fi     , Mandarin  , Germany       , TV-MA     ,         2019,             4,       1,        3,          48,        6.9,                  63,                 45,                  41.24,               30.0,                95.5,         2,             151209,            14442,                48.48,                       100.04, Gaming Console, Basic            , 4K        ,       357049,  315150, 274310,                     79,                  40,                5, No         , No              , No
       339, The Inheritance       , Netflix     , Documentary     , Drama      , Hindi     , Japan         , PG        ,         2015,             8,        ,         ,          45,        6.4,                  20,                 36,                  23.96,               25.5,                42.1,         4,             348822,            73498,                 7.79,                        17.66, Tablet        , Basic            , HD        ,       226569, 1227405, 481442,                     25,                  19,                7, Yes        , No              , No
       340, The Verdict           , Peacock     , Documentary     , Sci-Fi     , Spanish   , Japan         , TV-MA     ,         2024,             5,       1,       10,         100,        7.7,                  61,                 47,                  64.95,               32.0,                30.6,         4,             104607,            39460,                15.28,                        59.82, Gaming Console, Standard         , HD        ,       197164, 1640923, 459245,                    116,                   7,                4, No         , No              , No
       341, The Heist Plan        , Paramount+  , Documentary     , Sci-Fi     , Italian   , United States , G         ,         2021,             2,       1,       10,          83,        8.3,                  94,                 95,                  35.51,               57.2,                90.2,         2,              28068,            99003,                42.26,                        25.62, Gaming Console, Basic            , 4K        ,       423402, 1600217, 458715,                    137,                  30,                1, Yes        , Yes             , No
       342, Spectrum              , Amazon Prime, Mini-Series     , Crime      , Spanish   , Japan         , TV-G      ,         2020,             1,       1,        3,          53,        7.2,                  85,                 36,                  66.68,               34.6,                63.8,         3,              71514,            29300,                44.76,                       128.11, Mobile        , Standard         , Full HD   ,       377087, 1964148,   3392,                    129,                  40,                6, Yes        , Yes             , Yes
       343, Iron Will             , Amazon Prime, Stand-Up Special, Comedy     , Hindi     , South Korea   , PG        ,         2022,             1,        ,         ,         139,        6.4,                  27,                 45,                  28.56,               75.0,                34.4,         1,             441304,            71659,                13.05,                       122.75, Laptop        , Premium          , SD        ,       226727,  306800, 333560,                     10,                  12,                4, Yes        , Yes             , Yes
       344, The Conspiracy Files  , HBO Max     , Movie           , Crime      , Italian   , France        , TV-MA     ,         2021,             7,        ,         ,         164,        8.4,                  79,                 83,                  77.3 ,               37.1,                42.1,         0,             295808,            51043,                 0.6 ,                        60.9 , Gaming Console, Premium          , 4K        ,        22401, 1904541, 475569,                     95,                   9,               14, No         , No              , Yes
       345, The Divide            , Hulu        , Mini-Series     , Biography  , Portuguese, Germany       , PG        ,         2017,            11,       1,        4,          41,        7.6,                  92,                 73,                  43.7 ,               37.3,                30.9,         5,             158822,            51633,                 3.46,                       167.95, Laptop        , Standard         , 4K        ,       317685, 1382064,  94578,                    152,                  33,                8, Yes        , No              , No
       346, Deadfall              , Peacock     , Movie           , Drama      , English   , Mexico        , PG-13     ,         2018,             2,        ,         ,         160,        4.6,                  80,                 71,                  72.22,              157.3,                83.1,         5,             417126,            31013,                 5.32,                       176.21, Gaming Console, Standard         , 4K        ,       483640,  135093,  32477,                    161,                  17,                3, Yes        , Yes             , No
       347, Zenith                , Netflix     , Series          , Romance    , Spanish   , Mexico        , TV-G      ,         2021,             3,       4,       48,          38,        6.7,                  56,                 58,                  19.19,               18.7,                83.5,         1,              45098,            76298,                 1.26,                       191.99, Smart TV      , Basic            , SD        ,       424727,  294881, 468351,                      6,                  24,               13, Yes        , No              , Yes
       348, Standoff              , Paramount+  , Series          , Thriller   , Mandarin  , Spain         , TV-14     ,         2020,            10,       3,       24,          50,        6.4,                  68,                 39,                  54.11,               19.5,                60.3,         0,              61827,            65367,                11.57,                       120.5 , Tablet        , Basic            , HD        ,       430662, 1972717, 151999,                     69,                  25,               11, Yes        , Yes             , No
       349, Lost Signal           , Hulu        , Stand-Up Special, Crime      , Portuguese, Japan         , TV-PG     ,         2024,             1,        ,         ,         144,        7.8,                  34,                 90,                  89.01,              142.1,                71.0,         0,             177233,            55234,                13.08,                        67.24, Smart TV      , Basic            , HD        ,       286881, 1712974, 384770,                     89,                   4,                7, No         , Yes             , Yes
       350, The Informant         , Peacock     , Stand-Up Special, Biography  , Mandarin  , United Kingdom, TV-G      ,         2017,             5,        ,         ,         167,        4.2,                  24,                 93,                  48.27,              113.9,                53.7,         2,             409753,            29852,                 1.12,                        11.54, Mobile        , Premium          , 4K        ,       357583, 1433702, 386894,                      9,                  36,               15, Yes        , No              , No
       351, Overload 5            , Disney+     , Movie           , Documentary, Spanish   , Canada        , TV-14     ,         2020,             4,        ,         ,         118,        6.4,                  27,                 60,                  22.12,               75.6,                37.7,         5,             394562,            70283,                28.42,                       198.19, Smart TV      , Premium          , HD        ,       426097,  119393,  40176,                     19,                   9,               14, Yes        , No              , Yes
       352, The Conspiracy        , Hulu        , Mini-Series     , Action     , Mandarin  , Germany       , TV-G      ,         2016,            11,       1,        3,          32,        5.4,                  89,                 56,                  47.07,               27.5,                47.8,         1,             232543,            93471,                15.17,                        73.7 , Desktop       , Standard         , HD        ,       276268, 1872811, 140275,                     86,                  35,                3, Yes        , No              , No
       353, Shutdown              , Paramount+  , Mini-Series     , Comedy     , Hindi     , India         , R         ,         2019,            12,       1,        7,          36,        4.7,                  38,                 34,                  92.9 ,               29.7,                70.7,         3,             499670,            14973,                 1.11,                       167.35, Tablet        , Standard         , 4K        ,       157552, 1734819,  44308,                     20,                  18,               12, No         , Yes             , No
       354, Flashpoint            , Hulu        , Series          , Sci-Fi     , French    , Australia     , TV-PG     ,         2023,             1,       5,       35,          56,        8.2,                  23,                 73,                  87.66,               52.2,                83.2,         4,             113531,            99254,                 1.42,                       145.29, Desktop       , Standard         , 4K        ,       410364, 1529398, 486846,                     19,                   7,               12, No         , No              , No
       355, Firestorm             , HBO Max     , Series          , Sci-Fi     , Italian   , Mexico        , R         ,         2017,             1,       5,       70,          27,        9.5,                  89,                 67,                  32.13,               19.7,                68.0,         2,             140901,            86406,                12.56,                       130.78, Desktop       , Basic            , SD        ,       160951, 1192207, 346447,                     87,                  17,                5, No         , No              , Yes
       356, Shattered 2           , Apple TV+   , Documentary     , Fantasy    , Portuguese, South Korea   , TV-PG     ,         2015,            10,       1,        5,         115,        5.7,                  28,                 86,                  17.16,               91.6,                41.5,         3,              66701,            29808,                31.54,                        29.81, Desktop       , Premium          , SD        ,       122037,  240111, 343209,                     14,                  12,               14, No         , Yes             , Yes
       357, Shadow Protocol       , HBO Max     , Mini-Series     , Drama      , Japanese  , Brazil        , G         ,         2024,             4,       1,        5,          33,        4.4,                  76,                 44,                  48.6 ,               19.3,                45.4,         2,             434707,            89262,                20.83,                       128.56, Tablet        , Basic            , SD        ,       171251, 1273001, 413235,                     97,                  22,               13, No         , No              , No
       358, Countdown 4           , Netflix     , Mini-Series     , Action     , Mandarin  , United States , PG        ,         2024,             4,       1,        5,          46,        7.9,                  85,                 74,                  89.3 ,               26.7,                65.4,         5,             380769,            19670,                19.09,                       199.57, Smart TV      , Basic            , HD        ,       296483, 1056007, 301181,                    166,                  36,               13, Yes        , Yes             , No
       359, Flashback             , Paramount+  , Mini-Series     , Horror     , Hindi     , Canada        , TV-MA     ,         2018,             6,       1,        4,          55,        8.2,                  66,                 59,                  43.36,               44.9,                29.0,         1,             233312,            96049,                47.88,                        82.28, Smart TV      , Standard         , SD        ,       479582,  759891, 342543,                    128,                  39,                7, No         , No              , Yes
       360, Endgame               , Disney+     , Stand-Up Special, Thriller   , German    , Australia     , PG-13     ,         2024,             5,        ,         ,         176,        5.6,                  60,                 45,                   7.83,               82.8,                96.7,         4,             259103,            82920,                44.08,                        40.02, Mobile        , Standard         , SD        ,        87486,  253412, 219490,                     72,                  36,               15, Yes        , Yes             , Yes
       361, Spectrum              , Disney+     , Movie           , Action     , Portuguese, Brazil        , TV-PG     ,         2021,             6,        ,         ,          91,        6.2,                  91,                 60,                  67.67,               24.0,                90.0,         2,             310104,            79791,                30.85,                       198.83, Smart TV      , Basic            , Full HD   ,       498081,  941501, 477465,                    109,                  29,               13, No         , No              , Yes
       362, Catalyst 2            , Disney+     , Movie           , Crime      , Mandarin  , France        , TV-G      ,         2021,             6,        ,         ,         131,        5.0,                  95,                 65,                  89.76,               26.2,                43.2,         2,              25316,            73941,                25.91,                       105.28, Desktop       , Standard         , Full HD   ,       169290,  805548, 167036,                     50,                  10,                1, Yes        , No              , No
       363, Firestorm             , Apple TV+   , Movie           , Romance    , Korean    , India         , PG        ,         2019,             5,        ,         ,         137,        6.4,                  41,                 66,                  89.23,               46.7,                67.3,         0,             484712,            30366,                33.34,                        28.63, Mobile        , Premium          , HD        ,        14389, 1255018, 473201,                     15,                  35,                6, Yes        , No              , Yes
       364, Hollow Ground         , Peacock     , Documentary     , Animation  , French    , Spain         , TV-MA     ,         2016,            12,       1,        8,         100,        6.7,                  31,                 47,                  94.34,               77.2,                29.1,         2,             421339,            10363,                37.23,                        44.88, Smart TV      , Standard         , HD        ,       265895,  703353, 144770,                    121,                  33,                2, No         , Yes             , No
       365, Broken Wings          , Apple TV+   , Series          , Animation  , English   , Australia     , G         ,         2018,             3,       7,       91,          34,        5.5,                  39,                 92,                  77.34,               28.9,                42.0,         1,             332803,            11627,                47.54,                       171.5 , Gaming Console, Basic            , SD        ,       227758,  141157, 257273,                    147,                  40,                6, Yes        , Yes             , No
       366, Gridlock              , Peacock     , Stand-Up Special, Thriller   , Japanese  , Spain         , PG-13     ,         2019,             4,        ,         ,         112,        7.7,                  82,                 80,                  56.84,               67.7,                43.0,         1,              58912,            98954,                38.21,                        84.21, Laptop        , Standard         , HD        ,       347347,  891107,  60732,                     50,                  30,               10, Yes        , No              , No
       367, Shutdown 5            , Paramount+  , Stand-Up Special, Sci-Fi     , Hindi     , United States , TV-MA     ,         2019,             9,        ,         ,         102,        8.9,                  72,                 37,                  53.46,               43.1,                72.6,         3,             205194,            57927,                21.29,                        52.51, Smart TV      , Standard         , 4K        ,       381829,  459267, 178184,                    167,                   3,                9, No         , No              , Yes
       368, Firestorm             , Hulu        , Movie           , Crime      , Mandarin  , France        , PG-13     ,         2024,             9,        ,         ,          77,        9.2,                  22,                 78,                   8.66,               58.7,                91.2,         4,              33273,            85843,                 2.51,                        42.49, Desktop       , Basic            , HD        ,       439481, 1123541, 207379,                    188,                  15,                9, Yes        , No              , No
       369, Broken Chains         , Hulu        , Movie           , Drama      , English   , Brazil        , PG        ,         2023,             7,        ,         ,         176,        6.7,                  40,                 66,                  28.71,               52.0,                80.2,         1,              17709,            35711,                37.51,                       162.69, Laptop        , Premium          , 4K        ,        68833, 1716190, 388258,                     74,                   6,                2, Yes        , No              , Yes
       370, Midnight Sun          , Disney+     , Movie           , Biography  , Mandarin  , Germany       , R         ,         2024,             5,        ,         ,         175,        5.8,                  85,                 32,                  28.77,               88.4,                27.8,         5,             302095,            61787,                18.86,                        86.19, Mobile        , Standard         , Full HD   ,       253464,  596578, 475888,                    184,                  35,                7, No         , Yes             , No
       371, Catalyst              , Apple TV+   , Stand-Up Special, Biography  , Spanish   , Spain         , R         ,         2024,             1,        ,         ,         125,        8.2,                  77,                 77,                  45.35,               27.0,                44.2,         1,             424505,            82564,                48.79,                        19.53, Mobile        , Basic            , 4K        ,       311167,  524323,  43991,                     41,                  26,               15, Yes        , Yes             , No
       372, Shattered Glass       , Apple TV+   , Series          , Drama      , Japanese  , Mexico        , TV-PG     ,         2015,             5,       4,       92,          53,        7.0,                  60,                 60,                  30.64,               41.9,                60.1,         5,             384339,            10673,                46.07,                        85.43, Smart TV      , Standard         , HD        ,       396876,   28672,  84993,                    138,                   8,                5, Yes        , No              , Yes
       373, The Forgotten         , Paramount+  , Series          , Fantasy    , Portuguese, Spain         , PG-13     ,         2023,             7,       7,       42,          40,        4.6,                  57,                 64,                  49.68,               30.4,                49.0,         5,              87003,            18548,                14.55,                       137.16, Desktop       , Premium          , Full HD   ,       272354, 1267865, 131731,                    125,                  30,                6, No         , Yes             , Yes
       374, Flashpoint City       , Paramount+  , Movie           , Romance    , German    , India         , PG-13     ,         2022,             2,        ,         ,          75,        5.7,                  44,                 55,                  65.96,               47.3,                45.8,         0,             327665,            61432,                29.74,                        13.82, Gaming Console, Premium          , HD        ,       180907, 1318834,   7417,                     54,                  18,                9, No         , No              , No
       375, Countdown             , HBO Max     , Stand-Up Special, Animation  , Hindi     , United Kingdom, PG-13     ,         2016,            12,        ,         ,         102,        5.5,                  53,                 43,                  12.12,               60.4,                70.3,         3,             173099,            75452,                38.61,                       118.64, Tablet        , Premium          , 4K        ,       109786,  352629,   1410,                     64,                  14,                2, Yes        , Yes             , Yes
       376, The Conspiracy Files  , Apple TV+   , Movie           , Drama      , French    , Brazil        , TV-G      ,         2021,            11,        ,         ,         135,        5.8,                  84,                 45,                  22.95,               62.2,                80.4,         5,             248763,            46529,                15.62,                       104.64, Desktop       , Basic            , HD        ,        87142, 1982936, 332287,                     76,                  10,               13, No         , No              , No
       377, Standoff 5            , Apple TV+   , Series          , Drama      , Japanese  , Spain         , TV-14     ,         2021,             4,       4,       72,          45,        5.0,                  21,                 55,                  42.05,               30.8,                20.4,         2,             172203,            12334,                45.56,                       183.2 , Desktop       , Basic            , Full HD   ,        17628, 1357414, 144163,                    169,                  31,               12, Yes        , No              , No
       378, Uprising 2            , Paramount+  , Stand-Up Special, Fantasy    , Italian   , Spain         , PG-13     ,         2022,            12,        ,         ,         157,        8.1,                  33,                 34,                  35.17,              102.0,                75.6,         5,             385978,            23187,                43.55,                        26.76, Laptop        , Basic            , SD        ,       232507, 1336988, 372564,                     20,                  21,                3, No         , Yes             , Yes
       379, The Escape            , Apple TV+   , Series          , Crime      , Japanese  , Brazil        , G         ,         2021,             7,       1,        8,          34,        8.5,                  84,                 48,                  69.28,               16.6,                54.6,         2,             319044,            26041,                34.45,                        82.15, Gaming Console, Premium          , SD        ,       163189,  574222, 293904,                     94,                   8,               10, No         , Yes             , No
       380, The Outsider 2        , Disney+     , Movie           , Action     , Japanese  , Canada        , G         ,         2017,             1,        ,         ,         102,        7.5,                  78,                 40,                  83.35,               97.1,                44.0,         5,             336759,            25046,                37.38,                       147.75, Tablet        , Basic            , 4K        ,       370152,  602143,  93335,                     76,                   9,               10, No         , Yes             , Yes
       381, The Confession        , Disney+     , Mini-Series     , Horror     , Italian   , Japan         , PG        ,         2022,             6,       1,        7,          41,        5.9,                  86,                 87,                  78.82,               32.9,                33.3,         4,             202207,            20408,                26.92,                        42.53, Gaming Console, Standard         , Full HD   ,       338744, 1700698, 357583,                     78,                  14,               10, No         , Yes             , Yes
       382, Rising Tide           , HBO Max     , Movie           , Comedy     , Portuguese, Australia     , PG-13     ,         2022,             3,        ,         ,         134,        7.2,                  67,                 78,                  62.57,              122.3,                45.1,         0,             330024,            47039,                43.47,                         2.08, Laptop        , Standard         , Full HD   ,       176563, 1358805, 473431,                     30,                  12,               11, No         , Yes             , No
       383, Freefall 2            , Paramount+  , Stand-Up Special, Documentary, Mandarin  , Canada        , TV-PG     ,         2021,             8,        ,         ,         106,        5.4,                  67,                 73,                  45.89,               51.5,                23.1,         1,             400122,            66448,                 5.44,                        85.47, Tablet        , Premium          , 4K        ,       310992,   59984,  86006,                    136,                  11,                9, Yes        , Yes             , Yes
       384, Flashback             , Netflix     , Movie           , Horror     , French    , France        , TV-G      ,         2021,             3,        ,         ,         133,        4.0,                  38,                 55,                  83.89,               50.6,                26.3,         1,             449714,            26649,                21.86,                       144.96, Mobile        , Premium          , Full HD   ,         2642, 1001163,  83544,                     93,                   7,               15, No         , Yes             , No
       385, Burnout               , Paramount+  , Series          , Comedy     , German    , India         , TV-14     ,         2017,             7,       6,       90,          49,        7.3,                  88,                 39,                  33.02,               37.8,                95.7,         0,             116231,            79760,                 8.95,                        47.41, Tablet        , Standard         , SD        ,       320162, 1256650, 394109,                    106,                   5,                7, Yes        , No              , Yes
       386, Crimson Tide          , Peacock     , Movie           , Romance    , German    , Australia     , PG-13     ,         2021,             3,        ,         ,         111,        5.7,                  81,                 34,                  24.87,              106.7,                34.0,         3,             357742,            67809,                41.72,                        93.25, Smart TV      , Standard         , SD        ,       343914, 1808823, 212070,                      8,                  11,               10, Yes        , No              , No
       387, Midnight Sun          , Peacock     , Documentary     , Drama      , Korean    , Germany       , TV-MA     ,         2016,            10,        ,         ,         109,        6.1,                  80,                 72,                  80.21,              106.3,                28.7,         1,             222332,            69692,                37.99,                       174.13, Smart TV      , Basic            , SD        ,       176795, 1988622, 489787,                    186,                  38,                8, Yes        , No              , No
       388, Blue Horizon          , Netflix     , Movie           , Documentary, Italian   , France        , G         ,         2024,            11,        ,         ,         122,        5.4,                  63,                 67,                  72.87,               17.5,                40.8,         2,             187110,            54664,                 0.93,                        65.26, Gaming Console, Basic            , SD        ,       187348, 1535014,  19205,                    141,                  26,                7, Yes        , Yes             , Yes
       389, Cold Case Files       , Paramount+  , Documentary     , Horror     , Japanese  , Spain         , R         ,         2023,            10,        ,         ,          50,        4.4,                  67,                 34,                  14.03,               49.2,                69.7,         0,             200232,            67191,                49.01,                        16.21, Gaming Console, Premium          , Full HD   ,       221577,  840511,  11745,                     52,                  17,                2, No         , Yes             , Yes
       390, Firestorm             , HBO Max     , Stand-Up Special, Animation  , Portuguese, South Korea   , G         ,         2020,            10,        ,         ,         135,        5.2,                  75,                 65,                  70.98,              108.4,                41.6,         5,              23982,            79249,                19.96,                        36.66, Tablet        , Standard         , SD        ,       213531,  434496,   9824,                    111,                   9,                8, No         , No              , No
       391, Broken Wings          , Netflix     , Mini-Series     , Thriller   , Spanish   , Canada        , TV-MA     ,         2024,             8,       1,        7,          43,        7.5,                  62,                 99,                  37.02,               41.0,                21.0,         2,             167584,            45398,                41.14,                        30.78, Gaming Console, Standard         , HD        ,       279097, 1463336,  89145,                    177,                  25,                8, No         , Yes             , Yes
       392, Uprising              , Apple TV+   , Movie           , Thriller   , Portuguese, France        , TV-MA     ,         2019,             6,        ,         ,         132,        7.7,                  23,                 49,                  59.4 ,               34.5,                47.4,         3,             217785,             3068,                37.58,                        57.14, Gaming Console, Standard         , HD        ,       196807, 1931946, 281863,                     38,                  25,                3, Yes        , No              , Yes
       393, Wildfire              , HBO Max     , Series          , Action     , German    , Brazil        , TV-PG     ,         2020,             4,       7,       98,          42,        8.2,                  33,                 70,                  47.77,               29.4,                37.6,         3,             259435,            99198,                23.22,                       165.31, Laptop        , Basic            , HD        ,       209793,  604935,   1759,                    141,                  22,               14, Yes        , Yes             , No
       394, Deadfall              , Peacock     , Documentary     , Thriller   , English   , Canada        , R         ,         2017,            10,       1,       10,         118,        8.0,                  22,                 71,                  57.97,               32.1,                68.8,         5,              47692,            48535,                 1.18,                       120.47, Gaming Console, Standard         , HD        ,       445856, 1915233,  84619,                    122,                  24,                7, Yes        , No              , Yes
       395, Borderline 2          , Netflix     , Series          , Crime      , Italian   , Spain         , R         ,         2024,             8,       4,       44,          51,        6.8,                  34,                 72,                  82.86,               47.7,                39.1,         5,              36617,              902,                37.44,                       136.56, Laptop        , Premium          , 4K        ,       452074,  808165,  36901,                    111,                  17,                3, Yes        , No              , No
       396, Wavelength            , HBO Max     , Documentary     , Biography  , English   , France        , TV-PG     ,         2023,            11,        ,         ,          99,        8.3,                  33,                 48,                  80.49,               78.7,                65.2,         0,             378532,            22145,                18.35,                       131.48, Mobile        , Basic            , 4K        ,       110195,  554812,  50931,                     89,                   5,               14, No         , Yes             , No
       397, Nightfall             , Paramount+  , Mini-Series     , Documentary, Korean    , Canada        , TV-MA     ,         2024,             1,       1,        4,          34,        6.9,                  23,                 58,                  83.63,               25.7,                75.7,         2,             495343,            93826,                 7.96,                       126.96, Laptop        , Premium          , 4K        ,       353041,  618507,  80981,                    182,                   9,                4, No         , No              , No
       398, Backlash              , Hulu        , Stand-Up Special, Horror     , French    , Canada        , G         ,         2019,             6,        ,         ,         167,        6.8,                  86,                 81,                  45.36,              151.8,                95.8,         5,              81724,            76957,                42.64,                        63.2 , Tablet        , Standard         , 4K        ,       339986,  354772, 456550,                    139,                  31,                5, No         , No              , Yes
       399, Burnout               , Apple TV+   , Series          , Horror     , Hindi     , South Korea   , PG-13     ,         2019,            10,       2,       24,          44,        6.7,                  92,                 31,                  79.81,               39.5,                81.1,         4,             470881,            29933,                37.08,                        73.03, Smart TV      , Standard         , SD        ,       499186,  691143, 266042,                     22,                  18,                2, Yes        , No              , Yes
       400, The Verdict           , Disney+     , Series          , Thriller   , Italian   , India         , G         ,         2024,             5,       5,       40,          34,        8.0,                  28,                 46,                  49.69,               16.2,                37.8,         4,             399339,            76188,                23.89,                        20.1 , Smart TV      , Standard         , SD        ,       103033, 1003165,  61040,                    118,                   6,               15, Yes        , Yes             , Yes
       401, Blowback              , Netflix     , Stand-Up Special, Sci-Fi     , Spanish   , Mexico        , TV-G      ,         2018,            10,        ,         ,         178,        7.5,                  78,                 30,                  23.99,               81.4,                41.1,         5,              92553,            43075,                25.39,                       103.08, Gaming Console, Standard         , Full HD   ,       454744, 1116183, 130569,                     92,                  18,                9, No         , Yes             , Yes
       402, The Great Escape 5    , Paramount+  , Series          , Action     , Spanish   , Germany       , TV-MA     ,         2016,             8,       6,      138,          33,        5.1,                  33,                 59,                  20.33,               24.0,                45.0,         4,             247398,            13489,                34.25,                       185.55, Mobile        , Premium          , HD        ,       169796,  328068, 100622,                    106,                  11,                5, Yes        , No              , No
       403, Blackout              , Peacock     , Mini-Series     , Thriller   , Korean    , Spain         , TV-MA     ,         2020,             3,       1,        5,          40,        8.0,                  60,                 87,                  29.33,               29.1,                79.5,         0,             399624,            52963,                 2.81,                        82.05, Gaming Console, Basic            , 4K        ,       402204,  575154,  10222,                    185,                  13,                6, No         , No              , No
       404, Neon City             , Peacock     , Mini-Series     , Animation  , Portuguese, Mexico        , R         ,         2018,            10,       1,        7,          44,        8.7,                  33,                 39,                  23.17,               24.4,                57.4,         5,             310871,            61587,                47.6 ,                       189.37, Gaming Console, Standard         , 4K        ,       131041,  587601, 318098,                    155,                  25,                1, Yes        , Yes             , No
       405, Darkroom              , Paramount+  , Mini-Series     , Comedy     , Italian   , India         , PG        ,         2020,            12,       1,        6,          56,        4.8,                  39,                 68,                  54.58,               38.0,                54.2,         2,             300277,            71642,                38.15,                        52.51, Desktop       , Standard         , SD        ,        73695, 1619312, 403662,                     22,                  21,               11, No         , Yes             , Yes
       406, Borderline            , Paramount+  , Mini-Series     , Romance    , Hindi     , Australia     , TV-MA     ,         2019,            10,       1,        8,          59,        4.1,                  35,                 82,                  40.65,               50.5,                82.3,         4,              31607,            67143,                18.71,                       113.36, Smart TV      , Premium          , Full HD   ,       414309, 1130065, 257964,                     77,                  37,               10, Yes        , Yes             , Yes
       407, Stormfront            , Disney+     , Stand-Up Special, Comedy     , Mandarin  , Spain         , R         ,         2016,            11,        ,         ,         130,        8.5,                  79,                 87,                  84.5 ,              129.4,                31.9,         2,              38286,            23812,                32.41,                        68.29, Desktop       , Premium          , 4K        ,       466350,   45154, 210493,                    152,                  19,                0, No         , Yes             , Yes
       408, The Covenant          , Disney+     , Mini-Series     , Thriller   , Mandarin  , Australia     , TV-14     ,         2023,             8,       1,        8,          51,        5.1,                  93,                 75,                  84.87,               40.7,                65.0,         1,             405270,            19435,                10.35,                        36.73, Smart TV      , Premium          , SD        ,       408713,  267116, 283165,                     94,                   5,               10, No         , Yes             , Yes
       409, The Awakening         , Peacock     , Mini-Series     , Thriller   , Hindi     , France        , G         ,         2017,             8,       1,        3,          56,        9.2,                  23,                 86,                  82.43,               50.0,                36.3,         0,             234258,            57481,                19.99,                        41.52, Laptop        , Premium          , SD        ,        48731,  367304, 265668,                    153,                  34,                3, Yes        , Yes             , Yes
       410, The Great Escape      , Apple TV+   , Mini-Series     , Sci-Fi     , Hindi     , South Korea   , PG        ,         2023,             6,       1,        6,          38,        6.8,                  78,                 32,                   0.79,               33.5,                51.2,         0,             185955,            47237,                47.29,                       167.39, Laptop        , Premium          , Full HD   ,       120300, 1470652,  44286,                    171,                  25,               15, Yes        , No              , No
       411, Crimson Tide 3        , Disney+     , Stand-Up Special, Drama      , French    , Brazil        , PG-13     ,         2017,            12,        ,         ,         135,        8.2,                  27,                 56,                  82.32,               94.3,                49.0,         3,             431620,            20641,                20.99,                        35.34, Desktop       , Basic            , HD        ,       191450, 1843658, 484952,                     33,                  11,                0, No         , Yes             , No
       412, The Wanderer          , HBO Max     , Stand-Up Special, Romance    , English   , United States , TV-14     ,         2015,             8,        ,         ,          79,        8.0,                  38,                 82,                   4.51,               39.1,                66.7,         4,              88992,            20731,                 5.05,                        70.06, Mobile        , Basic            , 4K        ,        34823,  235842, 249408,                    123,                  27,               14, Yes        , Yes             , No
       413, The Conspiracy Files  , HBO Max     , Series          , Romance    , Portuguese, France        , PG        ,         2022,             8,       4,       40,          36,        6.8,                  38,                 58,                  62.66,               30.6,                75.9,         2,             465000,            80611,                 5.31,                        45.63, Mobile        , Premium          , Full HD   ,       172344, 1490043, 242309,                    176,                  38,                8, Yes        , No              , No
       414, Hollow Ground         , Netflix     , Documentary     , Fantasy    , English   , South Korea   , PG-13     ,         2015,             3,       1,        4,          65,        6.2,                  21,                 91,                  46.02,               32.2,                69.0,         4,             212681,            59258,                49.64,                        90.91, Tablet        , Premium          , 4K        ,        61821, 1562395, 146446,                    172,                  33,               10, No         , Yes             , No
       415, Nightfall             , Paramount+  , Stand-Up Special, Documentary, Spanish   , Australia     , TV-14     ,         2023,             5,        ,         ,          83,        8.3,                  74,                 33,                  91.66,               23.6,                37.7,         3,             435199,            14566,                 6.06,                       142.68, Mobile        , Standard         , Full HD   ,       237324,  914802, 290097,                     26,                  33,                5, No         , Yes             , Yes
       416, Horizon               , Netflix     , Series          , Biography  , Japanese  , Brazil        , PG-13     ,         2024,             9,       1,       23,          45,        7.0,                  87,                 51,                  35.64,               18.0,                32.9,         5,             450332,            81026,                11.35,                       186.16, Gaming Console, Basic            , 4K        ,       450043,  424136, 145982,                     17,                  26,                9, No         , No              , No
       417, The Heist Plan        , HBO Max     , Movie           , Comedy     , Korean    , Mexico        , TV-MA     ,         2018,            12,        ,         ,         153,        7.3,                  28,                 37,                  71.77,               34.4,                57.5,         1,             400866,            31780,                19.59,                        32.31, Laptop        , Standard         , HD        ,       130373, 1749814, 183724,                     23,                  15,                8, Yes        , No              , Yes
       418, Override              , Disney+     , Series          , Documentary, French    , Australia     , TV-MA     ,         2020,             1,       2,       44,          41,        6.9,                  96,                 90,                  22.13,               26.4,                84.1,         4,             389499,            79958,                22.75,                        14.55, Gaming Console, Standard         , Full HD   ,       497855,   86023, 200026,                     70,                   8,               14, No         , Yes             , No
       419, Zenith                , Amazon Prime, Movie           , Biography  , Mandarin  , Canada        , TV-14     ,         2018,            11,        ,         ,         138,        8.6,                  75,                 83,                   5.48,               27.9,                80.1,         5,             384010,            36158,                45.24,                       128.23, Tablet        , Standard         , Full HD   ,       187043,  174359,   6787,                     30,                  32,                7, No         , Yes             , No
       420, Burnout               , Paramount+  , Stand-Up Special, Crime      , Mandarin  , Germany       , TV-PG     ,         2015,            10,        ,         ,          88,        7.2,                  32,                 42,                  11.25,               70.8,                48.1,         5,             371880,            79142,                21.12,                        79.05, Gaming Console, Basic            , Full HD   ,       339310, 1652941, 230825,                    122,                  37,                1, No         , No              , Yes
       421, Wildfire              , Netflix     , Mini-Series     , Comedy     , Korean    , Germany       , G         ,         2022,             5,       1,        5,          56,        7.8,                  65,                 61,                  26.35,               47.1,                45.3,         5,             332821,            34494,                38.44,                        32.54, Desktop       , Premium          , Full HD   ,       388392,  841730, 394966,                     94,                  12,               15, Yes        , No              , No
       422, Fallout               , Hulu        , Mini-Series     , Horror     , Spanish   , Mexico        , PG        ,         2021,             6,       1,        7,          45,        7.5,                  68,                 55,                  25.22,               36.2,                47.3,         3,             469646,            47377,                37.75,                       191.88, Tablet        , Basic            , SD        ,        99554, 1220321, 162815,                    134,                  36,                9, Yes        , No              , Yes
       423, The Awakening 5       , HBO Max     , Series          , Biography  , Japanese  , Brazil        , TV-14     ,         2021,             3,       7,       63,          40,        7.4,                  30,                 71,                  94.95,               26.1,                23.2,         4,              81270,            87493,                49.63,                         5.76, Mobile        , Premium          , HD        ,       128684, 1835393, 118411,                    117,                  14,                4, Yes        , No              , Yes
       424, Dark Waters           , Paramount+  , Documentary     , Sci-Fi     , Portuguese, Brazil        , R         ,         2021,             3,        ,         ,         118,        8.9,                  69,                 63,                  67.17,              116.1,                82.7,         2,             226133,            48526,                18.26,                       185.14, Mobile        , Standard         , Full HD   ,        40441, 1453843,  70522,                     87,                  16,                4, Yes        , No              , No
       425, Silent Storm          , Hulu        , Mini-Series     , Biography  , Portuguese, South Korea   , TV-G      ,         2019,            10,       1,        3,          44,        7.4,                  83,                 85,                   6.24,               43.9,                21.7,         3,             293074,            85233,                 2.92,                        69.85, Gaming Console, Basic            , SD        ,       357618,  743356,  34305,                    189,                  18,                8, Yes        , No              , No
       426, Shutdown              , Disney+     , Documentary     , Thriller   , Italian   , Japan         , TV-MA     ,         2020,             4,        ,         ,          63,        8.2,                  95,                 70,                  81.97,               61.6,                24.1,         2,             307991,            15687,                38.74,                        14.67, Smart TV      , Premium          , 4K        ,       382979,  338176, 384080,                     54,                  16,                5, Yes        , Yes             , No
       427, Catalyst 2            , Amazon Prime, Documentary     , Crime      , German    , Germany       , TV-PG     ,         2022,             3,        ,         ,          68,        4.5,                  65,                 52,                  67.22,               61.6,                59.0,         1,             136579,            52615,                10.07,                        70.56, Gaming Console, Premium          , SD        ,       178161,  947441, 394177,                     29,                  34,                8, Yes        , Yes             , Yes
       428, Standoff              , Disney+     , Movie           , Animation  , English   , United States , TV-14     ,         2021,             5,        ,         ,          78,        8.4,                  92,                 77,                  81.65,               75.2,                34.7,         4,             261200,            23827,                26.78,                       195.17, Smart TV      , Premium          , HD        ,       314475,  784787, 300943,                     50,                  29,                5, Yes        , No              , Yes
       429, Countdown 2           , HBO Max     , Mini-Series     , Comedy     , Japanese  , Australia     , PG-13     ,         2024,             9,       1,        4,          58,        4.5,                  44,                 49,                  94.75,               54.6,                93.1,         5,             287299,            50966,                39.21,                       188.83, Gaming Console, Premium          , SD        ,       177439,  516465, 191738,                     41,                  16,               15, Yes        , No              , Yes
       430, Deadlock 5            , Amazon Prime, Stand-Up Special, Comedy     , Japanese  , Brazil        , TV-PG     ,         2023,            11,        ,         ,         100,        5.6,                  37,                 87,                  72.56,               39.9,                68.9,         3,             228138,            49422,                 4.17,                         5.25, Smart TV      , Standard         , 4K        ,       319689,  815490, 160388,                    132,                  19,                1, Yes        , Yes             , Yes
       431, Afterglow             , Disney+     , Mini-Series     , Biography  , English   , Brazil        , G         ,         2015,             5,       1,        6,          36,        5.9,                  88,                 36,                  78.27,               29.4,                53.8,         4,             274718,            23368,                25.46,                       136.39, Smart TV      , Basic            , SD        ,       239772, 1992319,  97373,                     61,                  21,                2, Yes        , No              , Yes
       432, Firestorm             , Netflix     , Movie           , Sci-Fi     , Hindi     , Mexico        , PG        ,         2019,             1,        ,         ,         105,        7.6,                  62,                 52,                  93.77,               89.4,                49.0,         3,              23465,            20437,                 7.13,                        49.61, Gaming Console, Standard         , 4K        ,       356773, 1196608, 372344,                    165,                  20,                6, No         , No              , Yes
       433, Silent Echo           , Peacock     , Mini-Series     , Thriller   , Italian   , Japan         , G         ,         2021,             1,       1,        8,          54,        6.5,                  48,                 39,                  60.61,               19.5,                90.4,         3,              34865,            24033,                26.87,                        33.89, Gaming Console, Standard         , 4K        ,       149370, 1124718, 150186,                     77,                  37,                8, Yes        , Yes             , No
       434, Wavelength            , Hulu        , Movie           , Animation  , Italian   , South Korea   , PG-13     ,         2023,             1,        ,         ,         135,        6.6,                  34,                 59,                   3.71,               61.6,                26.5,         5,             422790,             8834,                12.13,                       123.26, Laptop        , Premium          , HD        ,       231797, 1252102, 403253,                     15,                  33,                6, Yes        , No              , Yes
       435, Endgame 3             , Apple TV+   , Mini-Series     , Action     , Japanese  , Spain         , R         ,         2015,             7,       1,        6,          34,        9.2,                  84,                 38,                  21.47,               26.9,                46.2,         5,             230095,             3317,                43.57,                        14.34, Mobile        , Premium          , Full HD   ,       292001,  337946,  75173,                    145,                  21,                1, Yes        , Yes             , No
       436, Hollow Ground Zero    , Disney+     , Mini-Series     , Romance    , English   , India         , PG        ,         2018,             1,       1,        6,          30,        7.1,                  69,                 45,                  81.43,               26.4,                22.7,         4,              38757,             2594,                32.46,                       182.21, Desktop       , Premium          , 4K        ,       148144, 1437928, 322997,                    104,                  29,                7, No         , No              , No
       437, Backlash              , Disney+     , Documentary     , Animation  , Japanese  , South Korea   , PG-13     ,         2019,            11,       1,        7,          77,        8.9,                  67,                 32,                  41.07,               33.6,                23.3,         3,             372604,            70975,                42.59,                       197.5 , Mobile        , Premium          , Full HD   ,       109154, 1975367, 212762,                    112,                  27,               14, No         , No              , No
       438, The Heist Plan        , Apple TV+   , Documentary     , Action     , Portuguese, South Korea   , R         ,         2018,            12,       1,       10,          69,        9.2,                  99,                 76,                  85.54,               44.6,                79.6,         3,             196511,            84410,                15.38,                        78.87, Laptop        , Basic            , 4K        ,       157504, 1897343, 436683,                    164,                  27,                1, Yes        , Yes             , No
       439, The Relic             , Peacock     , Stand-Up Special, Sci-Fi     , French    , Spain         , G         ,         2018,             7,        ,         ,         147,        7.7,                  54,                 49,                  60.95,               90.9,                82.5,         1,             215634,            41483,                23.46,                       173.67, Mobile        , Standard         , Full HD   ,       320053, 1956785, 400247,                    161,                  34,                1, Yes        , Yes             , Yes
       440, Dark Waters 2         , Apple TV+   , Movie           , Romance    , Japanese  , South Korea   , PG-13     ,         2018,             5,        ,         ,          83,        6.0,                  60,                 87,                  45.19,               62.8,                42.6,         0,             420655,            73647,                 8.03,                       176.17, Mobile        , Standard         , SD        ,       279131, 1908993, 324171,                    109,                  11,               15, No         , Yes             , Yes
       441, Flashback             , Paramount+  , Movie           , Drama      , French    , Germany       , TV-G      ,         2021,             8,        ,         ,          96,        8.2,                  95,                 76,                  88.45,               62.4,                34.2,         0,             257827,            88049,                28.36,                       177.18, Smart TV      , Standard         , SD        ,        92972,  283096, 327182,                     81,                  26,                4, Yes        , Yes             , No
       442, Frozen in Time        , Amazon Prime, Mini-Series     , Crime      , Italian   , United States , TV-PG     ,         2017,             6,       1,        5,          36,        6.8,                  86,                 33,                  46.56,               34.0,                24.1,         1,             367271,            40191,                13.19,                       199.23, Tablet        , Basic            , Full HD   ,       393264, 1593442, 344306,                    122,                   6,               10, Yes        , Yes             , Yes
       443, Threshold             , HBO Max     , Documentary     , Thriller   , Italian   , Germany       , TV-PG     ,         2015,            12,        ,         ,          93,        5.8,                  85,                 84,                  38.74,               41.7,                93.5,         5,             137147,            72401,                 9.69,                        56.69, Smart TV      , Standard         , SD        ,       422350, 1397270, 478864,                     86,                  33,                3, Yes        , Yes             , Yes
       444, The Verdict 4         , Amazon Prime, Series          , Crime      , Hindi     , United Kingdom, PG        ,         2015,            12,       1,       16,          26,        4.9,                  78,                 72,                  74.7 ,               16.2,                29.5,         5,              72726,            26151,                45.9 ,                       185.35, Mobile        , Basic            , SD        ,         2063,  908102, 415032,                    180,                  15,                6, Yes        , Yes             , No
       445, Borderline            , Hulu        , Documentary     , Thriller   , Italian   , Canada        , PG-13     ,         2022,             5,       1,        8,          68,        6.8,                  30,                 52,                  92.55,               29.0,                88.5,         4,              99271,            91746,                 6.24,                       152.45, Mobile        , Basic            , Full HD   ,       396561,  477654,  85166,                    106,                  38,                9, No         , No              , Yes
       446, Iron Fist             , Apple TV+   , Series          , Animation  , English   , Australia     , TV-MA     ,         2019,             3,       2,       14,          26,        6.7,                  27,                 85,                   7.69,               23.4,                75.9,         0,             390211,            88408,                 4.46,                       117.83, Tablet        , Premium          , SD        ,       298475,  550470, 381245,                     86,                  29,               11, No         , No              , No
       447, The Witness           , Apple TV+   , Stand-Up Special, Biography  , Hindi     , South Korea   , PG-13     ,         2015,            12,        ,         ,         120,        6.3,                  79,                 71,                  87.74,              103.9,                95.8,         3,             455439,            60868,                22.64,                        28.85, Laptop        , Standard         , SD        ,       457943,  292510, 413288,                     86,                  25,                4, No         , No              , Yes
       448, Crossfire             , Disney+     , Series          , Crime      , French    , South Korea   , PG        ,         2015,             7,       8,       80,          39,        5.9,                  22,                 93,                  37.32,               22.3,                94.5,         4,             145578,            29850,                 9.54,                       121.56, Laptop        , Standard         , 4K        ,       496724, 1786028,  83802,                    129,                   4,               11, Yes        , Yes             , No
       449, Shutdown              , HBO Max     , Series          , Thriller   , Portuguese, Spain         , R         ,         2021,             8,       1,       15,          32,        5.9,                  59,                 84,                  58.14,               25.2,                61.3,         2,             379981,            48936,                40.37,                       172.89, Tablet        , Premium          , 4K        ,        33145,   37240, 234407,                     99,                  27,                7, Yes        , No              , Yes
       450, The Conspiracy        , Paramount+  , Mini-Series     , Animation  , Japanese  , Canada        , TV-14     ,         2018,             3,       1,        5,          55,        7.5,                  49,                 60,                  77.28,               25.0,                63.9,         0,             164343,            66972,                44.04,                        77.14, Mobile        , Premium          , Full HD   ,        42678, 1109987, 257404,                    123,                  39,                8, Yes        , No              , No
       451, Vertex 4              , Disney+     , Mini-Series     , Drama      , Italian   , South Korea   , R         ,         2015,             6,       1,        5,          56,        7.4,                  91,                 48,                  74.47,               54.2,                57.8,         2,             317074,            70295,                10.04,                       162.24, Mobile        , Premium          , SD        ,       155039, 1538193,  31762,                     54,                  34,                9, Yes        , No              , No
       452, Overload              , Netflix     , Mini-Series     , Horror     , Hindi     , India         , TV-MA     ,         2015,             1,       1,        8,          50,        8.2,                  30,                 77,                  44.22,               46.8,                31.5,         5,             200288,            72779,                 7.89,                        89.11, Tablet        , Basic            , Full HD   ,       239095,  578807, 103704,                    185,                  39,               14, No         , Yes             , Yes
       453, Borderline            , Amazon Prime, Movie           , Romance    , Portuguese, Spain         , TV-14     ,         2017,             6,        ,         ,         167,        6.1,                  23,                 85,                  61.44,               75.1,                45.5,         0,             337442,            37081,                16.23,                       151.42, Smart TV      , Premium          , SD        ,       378993, 1504324, 374175,                     38,                  32,                2, Yes        , Yes             , Yes
       454, Silent Storm          , Hulu        , Movie           , Romance    , Japanese  , France        , PG        ,         2021,             6,        ,         ,         171,        4.4,                  71,                 99,                   6.0 ,               80.0,                81.6,         5,              81256,            71840,                41.15,                       162.97, Laptop        , Basic            , SD        ,       399958, 1911495, 455440,                     71,                  15,                7, Yes        , Yes             , Yes
       455, Breakdown             , Hulu        , Documentary     , Drama      , English   , South Korea   , R         ,         2017,             3,        ,         ,          86,        6.1,                  70,                 32,                  48.52,               35.6,                21.8,         5,             365494,            54386,                27.52,                         8.51, Desktop       , Basic            , HD        ,       120377, 1222192, 257679,                      6,                  23,                2, No         , Yes             , No
       456, Wildfire 2            , HBO Max     , Mini-Series     , Animation  , Japanese  , Brazil        , TV-PG     ,         2017,             4,       1,        7,          38,        5.8,                  61,                 63,                  37.36,               30.0,                55.2,         3,             316338,            85381,                33.61,                       154.12, Mobile        , Basic            , SD        ,        21891,  812645, 421870,                     32,                  14,                6, No         , Yes             , No
       457, The Pursuit           , Hulu        , Stand-Up Special, Horror     , Hindi     , Brazil        , G         ,         2019,             1,        ,         ,         102,        8.6,                  62,                 56,                  47.51,               77.6,                76.2,         3,             204867,            78880,                37.71,                       184.2 , Laptop        , Premium          , Full HD   ,       416860, 1398951, 449513,                     68,                   5,                3, Yes        , Yes             , Yes
       458, Midnight Sun          , Netflix     , Mini-Series     , Documentary, German    , Mexico        , PG-13     ,         2016,             1,       1,        5,          36,        7.6,                  74,                 77,                   7.32,               23.8,                21.7,         0,             471084,            15738,                15.14,                        52.91, Mobile        , Basic            , SD        ,       461575, 1952638, 488669,                    126,                  12,                0, Yes        , Yes             , Yes
       459, Darkroom Files        , HBO Max     , Mini-Series     , Drama      , Mandarin  , Spain         , PG        ,         2017,             4,       1,        3,          42,        7.7,                  23,                 34,                  47.31,               37.4,                52.2,         0,             302388,             5771,                32.85,                       191.91, Tablet        , Premium          , Full HD   ,       376945, 1004994, 106282,                     73,                   2,                8, Yes        , Yes             , No
       460, Signal 2              , Peacock     , Stand-Up Special, Biography  , Italian   , South Korea   , G         ,         2019,             6,        ,         ,          86,        7.3,                  78,                 90,                  51.78,               41.5,                90.3,         5,             288895,            70879,                 7.33,                       147.17, Tablet        , Standard         , HD        ,       304248,  842692, 195102,                    124,                  23,                9, Yes        , No              , No
       461, The Pursuit           , Amazon Prime, Stand-Up Special, Horror     , French    , France        , TV-14     ,         2022,             8,        ,         ,         171,        7.0,                  41,                 35,                  32.69,              158.3,                96.7,         1,             313939,            44780,                27.03,                       166.49, Mobile        , Premium          , HD        ,       428004, 1661626, 107915,                    182,                  26,                2, No         , Yes             , Yes
       462, Hollow Ground Zero 2  , HBO Max     , Stand-Up Special, Fantasy    , French    , Mexico        , R         ,         2020,             8,        ,         ,          89,        5.8,                  67,                 80,                  49.74,               75.6,                37.1,         2,             393124,            53477,                34.41,                       197.6 , Mobile        , Premium          , 4K        ,        81682, 1749857, 363835,                     53,                   1,                3, No         , Yes             , Yes
       463, Gridlock              , Hulu        , Documentary     , Horror     , Hindi     , Brazil        , PG        ,         2018,             1,       1,        1,          82,        4.7,                  43,                 39,                   6.46,               45.3,                29.3,         2,             346861,            52822,                 0.58,                       119.71, Tablet        , Standard         , Full HD   ,       109336,  637186, 224679,                    163,                  38,               15, Yes        , No              , Yes
       464, Nightfall City        , Netflix     , Mini-Series     , Biography  , Italian   , Germany       , PG        ,         2021,            12,       1,        7,          49,        8.8,                  82,                 33,                  36.16,               47.7,                79.2,         0,             248969,            33050,                27.21,                        17.05, Gaming Console, Premium          , SD        ,       238436,  796705, 392729,                     91,                  16,               15, Yes        , No              , No
       465, The Relic             , Paramount+  , Series          , Crime      , German    , United Kingdom, G         ,         2017,            10,       1,       22,          50,        4.4,                  43,                 89,                  26.17,               34.8,                82.5,         4,             342728,            94939,                 2.48,                       117.34, Gaming Console, Premium          , 4K        ,        91233, 1892280, 236844,                     80,                  11,                1, No         , No              , No
       466, The Reckoning         , Amazon Prime, Series          , Documentary, Italian   , South Korea   , G         ,         2021,            12,       3,       54,          24,        5.7,                  48,                 73,                  82.24,               20.3,                58.5,         5,             233133,            91852,                47.4 ,                        23.66, Mobile        , Basic            , HD        ,       388209, 1985415, 317312,                    149,                   2,               14, No         , No              , No
       467, Dark Waters           , Apple TV+   , Stand-Up Special, Comedy     , German    , Spain         , G         ,         2019,             7,        ,         ,         146,        7.9,                  28,                 38,                   8.38,              130.0,                71.8,         3,             210410,            66468,                45.97,                       181.37, Mobile        , Basic            , SD        ,        84982,  181246, 299074,                     52,                  13,               14, No         , No              , No
       468, The Inheritance       , Disney+     , Stand-Up Special, Sci-Fi     , Spanish   , Brazil        , G         ,         2018,             4,        ,         ,          93,        5.7,                  70,                 31,                  35.39,               54.8,                20.9,         4,             349129,            34850,                29.3 ,                         2.27, Mobile        , Standard         , HD        ,       451244, 1007549, 420082,                     59,                  13,               15, No         , No              , Yes
       469, Broken Wings 2        , Disney+     , Series          , Animation  , French    , United Kingdom, TV-G      ,         2023,             2,       3,       39,          48,        8.6,                  66,                 58,                  78.67,               28.4,                78.7,         0,             456481,            42006,                39.04,                         6.02, Gaming Console, Premium          , Full HD   ,       204929,  943458, 317957,                     62,                   9,               15, No         , Yes             , Yes
       470, Blowback              , Paramount+  , Movie           , Sci-Fi     , Mandarin  , United States , TV-PG     ,         2016,             9,        ,         ,          85,        7.9,                  38,                 35,                  35.17,               42.5,                56.2,         2,             159119,            70161,                30.28,                       183.91, Laptop        , Premium          , 4K        ,       202474, 1588520, 456748,                    181,                  38,                4, No         , No              , Yes
       471, Gridlock              , Apple TV+   , Stand-Up Special, Animation  , Mandarin  , Australia     , PG        ,         2019,            11,        ,         ,         109,        9.1,                  56,                 95,                  21.72,              102.1,                45.3,         1,             296754,            25069,                17.46,                        61.62, Tablet        , Premium          , 4K        ,       146075,  553559, 313408,                    113,                  13,                4, No         , Yes             , No
       472, Reboot                , Apple TV+   , Series          , Documentary, Mandarin  , Brazil        , PG-13     ,         2016,            12,       5,       65,          35,        7.3,                  63,                 53,                  84.3 ,               31.2,                49.2,         3,             253935,            93984,                13.57,                       113.85, Desktop       , Standard         , HD        ,       133599, 1270940,  37785,                     69,                   8,               12, No         , Yes             , Yes
       473, Burning Bridges       , HBO Max     , Documentary     , Documentary, Portuguese, Canada        , TV-MA     ,         2023,            10,        ,         ,          70,        5.5,                  74,                 92,                  56.59,               41.2,                50.2,         0,              73257,            23737,                 6.19,                       152.14, Smart TV      , Basic            , SD        ,       145464,  225463, 287577,                    142,                  18,                4, Yes        , No              , Yes
       474, Crimson Tide          , Netflix     , Movie           , Comedy     , Japanese  , Canada        , TV-MA     ,         2019,             7,        ,         ,         105,        5.3,                  99,                 64,                  88.15,               46.8,                38.4,         0,             290303,            76561,                15.87,                        44.36, Laptop        , Basic            , SD        ,        84143,  191313, 299504,                    162,                  18,               15, Yes        , Yes             , Yes
       475, Broken Chains         , Paramount+  , Stand-Up Special, Action     , French    , South Korea   , TV-MA     ,         2016,             1,        ,         ,         105,        7.7,                  75,                 79,                  42.44,               35.9,                86.1,         3,             373515,            58213,                22.15,                       147.96, Laptop        , Premium          , 4K        ,        12122, 1135214, 401119,                     74,                  14,               15, No         , No              , No
       476, Dark Waters           , Peacock     , Documentary     , Crime      , Hindi     , France        , PG-13     ,         2016,            10,        ,         ,          66,        8.3,                  46,                 57,                  29.92,               35.7,                39.4,         2,             471047,            30263,                19.0 ,                       175.61, Smart TV      , Premium          , HD        ,       338465, 1463033,  33928,                    120,                   2,               12, No         , No              , No
       477, Dark Waters           , Paramount+  , Documentary     , Comedy     , German    , Japan         , TV-14     ,         2018,             5,        ,         ,          78,        6.6,                  41,                 58,                  81.11,               55.6,                66.7,         1,             443496,             4757,                48.96,                        73.23, Mobile        , Basic            , HD        ,        48482, 1290792, 364554,                    146,                   4,                8, Yes        , No              , No
       478, Iron Will             , Peacock     , Mini-Series     , Action     , Hindi     , Germany       , TV-MA     ,         2017,             9,       1,        3,          37,        8.8,                  99,                 36,                  54.44,               32.2,                88.0,         5,              92245,            37780,                27.42,                       188.43, Mobile        , Basic            , SD        ,       423532,  409852, 315963,                    187,                   5,                2, Yes        , No              , Yes
       479, Undertow 5            , Apple TV+   , Series          , Action     , Portuguese, India         , R         ,         2015,             6,       3,       42,          54,        8.5,                  84,                 94,                  85.02,               30.4,                33.0,         3,              81741,            17339,                12.13,                       121.99, Tablet        , Premium          , Full HD   ,       242483,  515556, 238531,                     49,                   8,                7, Yes        , Yes             , Yes
       480, The Renegade 4        , Paramount+  , Stand-Up Special, Documentary, German    , Brazil        , TV-PG     ,         2023,             8,        ,         ,         157,        9.2,                  65,                 81,                  71.43,               89.3,                51.8,         4,             449800,            65500,                 6.36,                         7.77, Smart TV      , Premium          , Full HD   ,       441472,  625978,  60584,                    159,                  27,               12, No         , No              , No
       481, Neon City             , Hulu        , Movie           , Thriller   , German    , Australia     , PG-13     ,         2022,            10,        ,         ,         176,        8.2,                  37,                 68,                  37.71,               37.9,                90.2,         3,             132602,            63802,                19.99,                       142.72, Tablet        , Basic            , 4K        ,        68424,  872095,  26930,                     67,                  10,                3, No         , No              , Yes
       482, The Informant         , Peacock     , Documentary     , Comedy     , Mandarin  , Japan         , TV-14     ,         2023,             9,        ,         ,          50,        9.1,                  81,                 38,                  33.55,               21.8,                91.9,         1,               5796,            13277,                 7.34,                       142.37, Tablet        , Basic            , SD        ,       267178,  458734, 330665,                    138,                  24,                0, No         , No              , No
       483, Pulse                 , Apple TV+   , Stand-Up Special, Romance    , Korean    , France        , G         ,         2023,            10,        ,         ,          90,        8.9,                  82,                 85,                  72.57,               17.7,                80.8,         5,             392658,            74232,                25.32,                       199.73, Mobile        , Standard         , Full HD   ,       346403, 1498035, 230624,                    189,                  18,                4, Yes        , Yes             , Yes
       484, Fallout               , Peacock     , Series          , Drama      , English   , Japan         , G         ,         2017,             4,       7,      168,          34,        6.3,                  39,                 84,                  52.02,               19.8,                91.5,         0,              34722,            21416,                42.95,                        53.47, Laptop        , Basic            , HD        ,       245577, 1919275,  86834,                    177,                  32,                3, Yes        , No              , No
       485, Fallout               , Apple TV+   , Documentary     , Horror     , Mandarin  , Brazil        , TV-14     ,         2020,             9,       1,       10,         111,        7.8,                  96,                 61,                  21.57,               17.1,                57.7,         2,             492799,            66694,                15.06,                       194.57, Laptop        , Basic            , Full HD   ,       420357, 1810206, 135088,                     32,                  10,                7, Yes        , Yes             , No
       486, Iron Will             , Apple TV+   , Documentary     , Biography  , German    , Germany       , TV-14     ,         2019,             2,       1,        3,         106,        9.2,                  28,                 70,                  87.99,               20.2,                51.7,         3,              80764,            54293,                23.69,                         6.6 , Tablet        , Basic            , Full HD   ,       123615, 1020406, 460914,                    130,                  26,                6, No         , No              , Yes
       487, The Heist             , Disney+     , Mini-Series     , Action     , Mandarin  , France        , TV-PG     ,         2016,             2,       1,        3,          32,        8.4,                  21,                 49,                  51.38,               23.4,                27.2,         5,             339722,            19908,                49.59,                         0.92, Mobile        , Basic            , HD        ,       152839, 1769215, 192301,                    178,                  23,                2, Yes        , Yes             , No
       488, The Escape 2          , Netflix     , Stand-Up Special, Drama      , Hindi     , India         , TV-PG     ,         2022,             2,        ,         ,         109,        7.3,                  98,                 97,                   6.9 ,               72.6,                30.8,         3,             317806,            34076,                 7.91,                       155.33, Desktop       , Basic            , 4K        ,       318022,  469425, 361261,                     77,                   3,               12, No         , Yes             , No
       489, Signal                , HBO Max     , Mini-Series     , Fantasy    , German    , Germany       , R         ,         2019,            11,       1,        5,          36,        5.3,                  39,                 49,                   3.59,               16.2,                88.3,         1,              56452,            58840,                 6.35,                       144.69, Tablet        , Standard         , Full HD   ,       303754,  501852, 376784,                    128,                  28,               13, Yes        , No              , Yes
       490, The Conspiracy Files  , Apple TV+   , Series          , Sci-Fi     , Hindi     , France        , PG        ,         2015,             1,       5,       90,          33,        8.5,                  79,                 80,                  74.48,               30.5,                55.1,         2,             390742,            92718,                21.15,                        63.3 , Desktop       , Premium          , HD        ,         3950, 1822890, 410635,                     47,                  17,               13, Yes        , No              , No
       491, Vanishing Point 3     , Hulu        , Stand-Up Special, Crime      , Italian   , Japan         , R         ,         2017,             7,        ,         ,          79,        8.2,                  66,                 73,                  76.04,               38.9,                20.2,         3,             404523,            65677,                10.13,                        29.99, Gaming Console, Premium          , Full HD   ,       278378,  819436, 466409,                    140,                  38,                6, No         , Yes             , No
       492, Override              , HBO Max     , Stand-Up Special, Documentary, English   , Japan         , TV-14     ,         2015,             7,        ,         ,         150,        7.4,                  28,                 90,                  78.82,               71.3,                56.2,         4,             299839,            30270,                46.16,                       167.04, Mobile        , Standard         , Full HD   ,       157484, 1869738, 341874,                     14,                  15,                8, No         , No              , Yes
       493, Flashpoint City       , Hulu        , Documentary     , Thriller   , German    , United States , TV-PG     ,         2015,             2,        ,         ,         113,        8.5,                  89,                 83,                   1.65,              100.1,                77.2,         5,             413135,            40134,                38.46,                       132.83, Laptop        , Premium          , HD        ,       280066, 1386922, 289605,                     78,                   8,                7, No         , No              , Yes
       494, Freefall              , Netflix     , Documentary     , Comedy     , Japanese  , Australia     , R         ,         2022,             1,       1,        3,          78,        4.9,                  57,                 62,                  39.54,               72.1,                35.9,         1,             189493,            12793,                38.27,                        58.11, Desktop       , Premium          , SD        ,        40014,  326351, 457829,                     36,                   1,                7, Yes        , No              , Yes
       495, The Reckoning         , Apple TV+   , Movie           , Animation  , Portuguese, Spain         , PG        ,         2022,            11,        ,         ,         153,        5.5,                  30,                 75,                  74.98,               63.7,                50.3,         1,             285896,            32804,                36.28,                       182.23, Desktop       , Basic            , SD        ,        85137,  305891, 179369,                     46,                  34,                6, No         , No              , Yes
       496, Nightfall             , Peacock     , Movie           , Animation  , German    , South Korea   , PG-13     ,         2018,            10,        ,         ,         156,        6.7,                  95,                 38,                  92.74,              120.0,                85.1,         3,             292268,            60011,                19.39,                       128.68, Mobile        , Basic            , SD        ,       237504,  394533,   1961,                    151,                  23,                0, No         , No              , No
       497, Nexus                 , Apple TV+   , Documentary     , Comedy     , French    , United Kingdom, PG        ,         2024,             3,        ,         ,         108,        7.0,                  90,                 73,                  11.46,               90.4,                81.3,         5,             166234,            32248,                15.64,                       164.52, Tablet        , Basic            , SD        ,        28840, 1969427, 157403,                    175,                   9,                8, No         , Yes             , No
       498, Nightfall             , Amazon Prime, Stand-Up Special, Romance    , Spanish   , Spain         , TV-MA     ,         2019,             7,        ,         ,          77,        4.1,                  56,                 71,                  17.64,               20.8,                30.7,         4,             316096,            78583,                42.59,                        72.83, Smart TV      , Standard         , Full HD   ,       166937, 1863227,  64878,                     51,                  37,                6, Yes        , Yes             , Yes
       499, Darkroom              , Amazon Prime, Stand-Up Special, Crime      , Portuguese, Japan         , TV-MA     ,         2016,             7,        ,         ,         171,        9.1,                  59,                 83,                   8.92,               67.0,                77.8,         1,              36043,            12362,                47.45,                       117.87, Smart TV      , Standard         , SD        ,       246058, 1697745, 189345,                    108,                  35,                3, No         , Yes             , Yes
       500, Parallel Lives        , Disney+     , Stand-Up Special, Biography  , Spanish   , Australia     , G         ,         2022,             4,        ,         ,         168,        7.9,                  41,                 95,                  22.74,               77.4,                73.2,         2,             302352,            95663,                38.82,                        37.92, Desktop       , Basic            , SD        ,       225348,  442614, 321533,                    175,                  25,                6, No         , No              , Yes
       501, The Wanderer          , Peacock     , Stand-Up Special, Horror     , Korean    , South Korea   , PG        ,         2021,             5,        ,         ,         157,        7.3,                  20,                 44,                  38.59,               42.1,                39.7,         1,             302312,            24164,                40.73,                       116.25, Gaming Console, Basic            , HD        ,       372854,   84418, 121044,                     68,                   3,                2, No         , Yes             , Yes
       502, Darkroom              , Netflix     , Series          , Biography  , Spanish   , Mexico        , G         ,         2021,             2,       6,       72,          50,        4.8,                  35,                 77,                  30.95,               29.4,                71.4,         5,             144213,            58118,                33.17,                       171.62, Mobile        , Basic            , 4K        ,       185217,  394366, 456114,                    175,                  16,               15, No         , No              , No
       503, Blue Horizon          , Peacock     , Documentary     , Action     , English   , United States , TV-G      ,         2023,             5,       1,        7,          59,        8.8,                  38,                 66,                  26.61,               33.8,                21.1,         4,              34233,            76871,                22.75,                        60.99, Mobile        , Standard         , HD        ,       360986, 1811720, 144511,                    127,                  25,                8, Yes        , No              , Yes
       504, Shattered             , Netflix     , Series          , Fantasy    , Italian   , Germany       , R         ,         2023,             9,       3,       27,          39,        8.0,                  86,                 62,                  65.57,               21.5,                71.3,         2,             391330,            52915,                 1.06,                       113.65, Smart TV      , Basic            , Full HD   ,       132222, 1698185, 128090,                    176,                  36,                5, No         , Yes             , Yes
       505, Dark Waters           , Peacock     , Stand-Up Special, Romance    , English   , Spain         , R         ,         2017,             2,        ,         ,         168,        5.7,                  74,                 62,                  66.15,               56.6,                35.6,         3,             351187,            78849,                28.28,                        71.7 , Laptop        , Standard         , HD        ,       466801,  513659, 170254,                     16,                  22,               11, No         , Yes             , No
       506, Nightfall City        , Netflix     , Movie           , Comedy     , Mandarin  , India         , R         ,         2021,             1,        ,         ,         101,        6.6,                  88,                 39,                   9.84,              100.1,                62.8,         5,              71157,            28931,                36.91,                        44.08, Smart TV      , Basic            , Full HD   ,         6183, 1925712, 308029,                    109,                   8,                8, No         , Yes             , Yes
       507, Nightfall             , Amazon Prime, Movie           , Horror     , Mandarin  , Brazil        , R         ,         2015,             8,        ,         ,         163,        5.5,                  41,                 30,                  88.0 ,               87.5,                97.4,         3,             465288,            43351,                 5.05,                       100.99, Mobile        , Premium          , Full HD   ,           98,  895805, 365113,                     94,                  23,               14, Yes        , Yes             , Yes
       508, Uprising              , HBO Max     , Series          , Action     , French    , South Korea   , G         ,         2017,             4,       4,       48,          30,        5.6,                  27,                 87,                  21.51,               17.0,                29.2,         5,             107040,            48056,                31.38,                       176.09, Tablet        , Premium          , 4K        ,        80753, 1442766,  33180,                     45,                  31,               12, Yes        , Yes             , No
       509, The Forgotten         , Peacock     , Movie           , Comedy     , French    , South Korea   , PG        ,         2017,             7,        ,         ,          88,        6.4,                  41,                 64,                  67.83,               67.1,                88.9,         4,             498056,            77553,                44.95,                       183.47, Tablet        , Standard         , HD        ,       434567, 1246373, 279375,                    174,                  37,                6, No         , No              , Yes
       510, Fallout               , Paramount+  , Mini-Series     , Romance    , Korean    , Canada        , R         ,         2015,             4,       1,        6,          39,        6.1,                  88,                 89,                  88.1 ,               36.0,                29.0,         5,              66468,             7050,                11.53,                       140.2 , Smart TV      , Premium          , 4K        ,       206937, 1907109, 340616,                    153,                   9,                1, Yes        , Yes             , Yes
       511, Crossroads            , Amazon Prime, Series          , Animation  , Portuguese, United Kingdom, TV-14     ,         2023,             9,       2,       28,          38,        5.8,                  37,                 52,                   4.28,               26.3,                85.4,         1,             420935,            28902,                34.95,                        18.33, Mobile        , Premium          , 4K        ,        37502,  885354, 377979,                    167,                  35,                2, No         , No              , Yes
       512, Standoff              , Apple TV+   , Movie           , Drama      , English   , United States , G         ,         2015,             2,        ,         ,         116,        4.9,                  94,                 40,                   7.94,               34.2,                94.3,         0,             230151,            70651,                32.4 ,                        11.92, Gaming Console, Premium          , SD        ,       377131,  314201, 185260,                     85,                  25,                3, No         , No              , No
       513, The Divide 3          , Paramount+  , Mini-Series     , Documentary, Portuguese, United Kingdom, PG-13     ,         2017,             5,       1,        7,          49,        8.3,                  60,                 78,                  44.6 ,               32.2,                56.5,         0,             314159,             6403,                 0.19,                        52.63, Mobile        , Standard         , Full HD   ,       333847,  716254,  46508,                     97,                  34,                8, Yes        , No              , No
       514, Endgame 5             , Disney+     , Mini-Series     , Animation  , Hindi     , France        , TV-14     ,         2015,             6,       1,        5,          56,        4.9,                  93,                 78,                  69.34,               37.7,                23.1,         3,              27806,            53311,                10.44,                        82.33, Desktop       , Premium          , 4K        ,       324107,  744750, 412374,                      9,                  40,                5, Yes        , Yes             , Yes
       515, The Confession        , Amazon Prime, Documentary     , Horror     , Portuguese, United Kingdom, G         ,         2019,            11,        ,         ,          67,        7.0,                  80,                 93,                  83.66,               27.9,                35.1,         5,             400478,            24600,                26.44,                        13.3 , Tablet        , Basic            , HD        ,       352895,  137527,  74197,                    183,                  26,                9, Yes        , No              , No
       516, The Witness 3         , Peacock     , Series          , Romance    , Portuguese, Germany       , R         ,         2016,             5,       5,       40,          51,        8.8,                  69,                 67,                  89.82,               37.7,                32.2,         2,             397231,            38091,                43.32,                         8.94, Laptop        , Basic            , Full HD   ,       178271, 1139837, 358194,                     52,                  19,                6, Yes        , Yes             , No
       517, The Renegade          , HBO Max     , Mini-Series     , Animation  , Mandarin  , Brazil        , G         ,         2018,            12,       1,        3,          41,        5.3,                  84,                 96,                  17.04,               40.5,                45.9,         1,             244151,            79966,                41.6 ,                        12.78, Gaming Console, Standard         , SD        ,       151934, 1440481, 335072,                     19,                  19,                7, Yes        , Yes             , Yes
       518, Zenith                , Hulu        , Stand-Up Special, Horror     , Mandarin  , France        , PG        ,         2021,            12,        ,         ,         103,        8.4,                  33,                 41,                   9.08,               67.8,                61.0,         5,             460637,            16223,                27.24,                       121.49, Mobile        , Basic            , SD        ,       330809, 1423611, 103813,                    131,                  14,                4, No         , No              , Yes
       519, Crimson Tide          , Netflix     , Movie           , Comedy     , Mandarin  , Brazil        , TV-G      ,         2020,             7,        ,         ,          87,        6.5,                  84,                 82,                  74.02,               66.9,                60.9,         0,               5595,            24225,                10.47,                         5.8 , Smart TV      , Premium          , SD        ,       175470, 1633011, 217601,                     33,                  36,                4, Yes        , Yes             , No
       520, The Escape            , Paramount+  , Mini-Series     , Biography  , Korean    , Canada        , PG        ,         2021,             1,       1,        7,          51,        5.2,                  67,                 74,                  12.81,               17.1,                44.3,         0,             423893,            16144,                43.55,                       128.04, Desktop       , Standard         , SD        ,       282761,  612979, 118417,                     64,                  26,               15, No         , Yes             , Yes
       521, Apex                  , Hulu        , Series          , Biography  , French    , South Korea   , PG-13     ,         2016,             4,       8,      112,          43,        5.9,                  29,                 41,                  24.31,               16.0,                78.2,         5,             154113,            17046,                26.01,                        81.75, Gaming Console, Basic            , Full HD   ,       330602,   44673, 407915,                     91,                  16,               15, No         , No              , No
       522, Orbit                 , Amazon Prime, Movie           , Biography  , French    , Germany       , G         ,         2015,             4,        ,         ,          82,        6.9,                  46,                 76,                  37.17,               74.3,                26.9,         0,             202524,            20184,                34.26,                        15.0 , Gaming Console, Basic            , SD        ,       499584,  368167, 402450,                     60,                  17,               10, No         , Yes             , No
       523, The Pursuit of Truth  , Peacock     , Stand-Up Special, Comedy     , Italian   , Australia     , TV-G      ,         2021,             9,        ,         ,         157,        9.0,                  99,                 56,                  93.47,              133.1,                42.7,         0,              60727,            31732,                15.24,                       111.13, Desktop       , Standard         , HD        ,       179675,  625974, 124489,                    127,                  36,                4, No         , Yes             , Yes
       524, Phantom Signal        , Amazon Prime, Movie           , Comedy     , Japanese  , Spain         , G         ,         2024,             1,        ,         ,         139,        6.0,                  92,                 38,                  76.33,               50.4,                34.2,         0,             374683,            59389,                49.6 ,                       116.79, Mobile        , Standard         , 4K        ,       401984, 1309737, 300277,                    101,                  19,               14, Yes        , No              , Yes
       525, Undertow              , Peacock     , Stand-Up Special, Thriller   , French    , France        , PG        ,         2019,             1,        ,         ,         173,        6.8,                  59,                 54,                  90.57,              155.7,                28.5,         1,             154366,            18519,                38.82,                        86.26, Desktop       , Premium          , SD        ,       213864, 1304985, 366842,                     10,                  36,               15, Yes        , No              , Yes
       526, Darkroom Files        , Netflix     , Documentary     , Action     , Hindi     , Japan         , R         ,         2023,            10,       1,        6,          91,        7.6,                  86,                 47,                  62.47,               57.6,                21.4,         2,             434117,              402,                44.87,                       192.02, Gaming Console, Basic            , HD        ,       473088, 1457920, 296897,                    161,                  28,               10, Yes        , Yes             , No
       527, Shockwave             , Disney+     , Documentary     , Fantasy    , Korean    , United Kingdom, TV-PG     ,         2024,             7,        ,         ,          97,        7.5,                  47,                 31,                  53.41,               81.3,                27.7,         5,             462572,            19099,                38.34,                       161.54, Tablet        , Premium          , Full HD   ,       484400, 1573848,  63022,                     69,                  13,                8, No         , Yes             , Yes
       528, Shockwave             , HBO Max     , Stand-Up Special, Horror     , English   , United States , PG-13     ,         2022,             4,        ,         ,          75,        4.0,                  85,                 85,                  57.08,               69.4,                50.4,         0,              61228,            50749,                25.22,                        15.47, Gaming Console, Basic            , Full HD   ,       431832, 1726737, 447987,                     11,                   4,                2, No         , Yes             , No
       529, Parallel Lives        , Amazon Prime, Mini-Series     , Drama      , Italian   , Germany       , PG-13     ,         2023,             4,       1,        7,          60,        6.4,                  72,                 48,                   4.87,               31.6,                69.7,         2,               8817,            64915,                22.06,                       119.97, Laptop        , Basic            , SD        ,       374556, 1977569, 235428,                     40,                  26,               13, Yes        , Yes             , No
       530, Dark Waters           , Amazon Prime, Documentary     , Biography  , Italian   , Germany       , G         ,         2017,            10,       1,        5,          47,        6.2,                  87,                 98,                  25.04,               46.0,                35.5,         3,             121694,            11689,                46.87,                       190.86, Tablet        , Standard         , HD        ,       106280,  723074, 480163,                    107,                   7,               14, Yes        , No              , Yes
       531, Fractured             , Disney+     , Movie           , Comedy     , Mandarin  , India         , G         ,         2021,             2,        ,         ,         103,        8.1,                  50,                 95,                  93.06,               43.0,                56.5,         4,             300645,            45215,                18.83,                        38.48, Laptop        , Basic            , Full HD   ,       161057,  555003, 310679,                     17,                  11,               10, Yes        , Yes             , No
       532, Frozen in Time        , Amazon Prime, Documentary     , Horror     , Korean    , United States , R         ,         2022,             4,        ,         ,          58,        6.2,                  88,                 43,                  88.14,               53.9,                77.8,         3,             349844,            67291,                 8.56,                        37.74, Smart TV      , Basic            , SD        ,       460470, 1031008, 468863,                    155,                  35,                5, Yes        , Yes             , No
       533, Hollow Ground Zero    , Peacock     , Series          , Crime      , Portuguese, France        , TV-G      ,         2024,             8,       4,       76,          36,        8.8,                  89,                 61,                  83.29,               32.8,                33.8,         5,             166955,            53533,                 1.51,                        46.17, Laptop        , Premium          , SD        ,       258432, 1647638, 368489,                    155,                  35,               13, No         , Yes             , No
       534, Borderline Cases      , Peacock     , Documentary     , Thriller   , German    , Brazil        , PG-13     ,         2015,             6,       1,        7,         114,        4.8,                  41,                 53,                  21.35,               49.6,                72.6,         0,             206232,            88964,                43.68,                        73.53, Tablet        , Premium          , 4K        ,       491338,  220093, 360063,                     72,                  26,                4, Yes        , Yes             , Yes
       535, Firestorm 5           , Paramount+  , Stand-Up Special, Drama      , Portuguese, Canada        , TV-MA     ,         2018,             7,        ,         ,         154,        7.3,                  56,                 99,                  82.48,              147.5,                29.9,         0,             446102,            43369,                39.93,                       190.3 , Gaming Console, Premium          , HD        ,       347293, 1765406, 284322,                    115,                  39,                8, No         , Yes             , No
       536, Meltdown              , Amazon Prime, Movie           , Horror     , Japanese  , Spain         , TV-G      ,         2015,            12,        ,         ,         158,        6.4,                  65,                 52,                  22.43,               92.8,                54.9,         3,             102754,            70683,                38.47,                       131.52, Smart TV      , Premium          , 4K        ,       144176,  797957, 409084,                     24,                  40,                2, No         , No              , No
       537, Flashpoint            , Peacock     , Stand-Up Special, Documentary, French    , India         , TV-14     ,         2023,            10,        ,         ,         100,        6.7,                  24,                 98,                  30.3 ,               59.6,                51.1,         1,             357742,            81946,                39.63,                        74.05, Gaming Console, Standard         , SD        ,       347951, 1876456, 454980,                     97,                  25,               12, No         , No              , Yes
       538, Neon City             , Disney+     , Mini-Series     , Animation  , French    , Mexico        , TV-14     ,         2020,             5,       1,        5,          35,        9.1,                  70,                 88,                  56.43,               18.9,                47.5,         4,             154226,            24338,                31.93,                       126.97, Mobile        , Premium          , Full HD   ,       413993,  820894, 435330,                     61,                  13,                3, No         , No              , Yes
       539, Rising Tide 4         , Disney+     , Stand-Up Special, Romance    , Italian   , India         , TV-14     ,         2021,             3,        ,         ,         148,        4.9,                  95,                 58,                  82.5 ,               44.6,                61.3,         5,             194013,            13398,                11.22,                       198.29, Desktop       , Basic            , 4K        ,       193633,  767247,  13462,                    170,                  32,                8, No         , No              , Yes
       540, Fallout               , Paramount+  , Mini-Series     , Horror     , Hindi     , United States , R         ,         2019,            11,       1,        7,          33,        8.8,                  85,                 39,                  88.01,               17.0,                57.5,         3,              86410,             6145,                10.0 ,                       166.69, Tablet        , Premium          , HD        ,       141153, 1664088,  19770,                     27,                  24,                6, No         , No              , Yes
       541, Borderline            , Amazon Prime, Mini-Series     , Romance    , Hindi     , United Kingdom, R         ,         2017,             6,       1,        7,          58,        5.2,                  73,                 90,                  69.17,               55.9,                27.6,         3,             234528,            41591,                 2.34,                       191.98, Tablet        , Basic            , SD        ,       148674, 1993205, 403585,                     27,                   3,               11, Yes        , No              , No
       542, Fallout               , Amazon Prime, Stand-Up Special, Animation  , Italian   , Brazil        , G         ,         2024,            12,        ,         ,          91,        8.2,                  20,                 64,                  34.36,               32.9,                60.1,         4,             449028,            45654,                20.14,                       178.09, Tablet        , Premium          , 4K        ,       218197,  122508, 170117,                    154,                  33,               13, No         , No              , No
       543, The Witness           , Disney+     , Documentary     , Biography  , Japanese  , Brazil        , TV-14     ,         2019,             9,        ,         ,         120,        6.3,                  66,                 70,                  74.84,              103.4,                42.5,         4,              67579,            39916,                47.9 ,                       182.14, Smart TV      , Premium          , 4K        ,       174268,   53358,  71378,                      6,                   3,                1, Yes        , No              , No
       544, Backlash              , Hulu        , Movie           , Thriller   , French    , Australia     , PG        ,         2020,             6,        ,         ,          83,        5.1,                  61,                 73,                  45.7 ,               50.5,                69.4,         3,             291266,            96751,                 9.15,                        20.52, Tablet        , Standard         , 4K        ,       202333, 1229940, 325048,                    188,                  32,                4, No         , Yes             , No
       545, Rising Sun            , Paramount+  , Mini-Series     , Fantasy    , German    , India         , G         ,         2017,             6,       1,        7,          53,        7.9,                  67,                 66,                  19.95,               51.4,                61.0,         1,             370968,            71219,                40.4 ,                        21.62, Mobile        , Basic            , SD        ,        66265,  419910, 318032,                     41,                   1,                9, Yes        , Yes             , No
       546, Threshold 2           , Hulu        , Documentary     , Horror     , Italian   , India         , R         ,         2023,             8,        ,         ,          48,        6.9,                  80,                 81,                  49.32,               17.9,                55.6,         1,             471781,            45886,                24.03,                        64.51, Gaming Console, Standard         , Full HD   ,       253718,  284613, 198667,                     44,                  37,                1, No         , Yes             , Yes
       547, The Pursuit of Truth  , Paramount+  , Documentary     , Fantasy    , Portuguese, South Korea   , PG        ,         2021,             1,       1,        8,          60,        7.5,                  42,                 38,                  43.49,               24.7,                54.5,         5,             381840,            28478,                46.29,                       131.25, Mobile        , Basic            , Full HD   ,        95359,  361950,  81375,                    152,                  37,                6, No         , Yes             , Yes
       548, Catalyst              , Apple TV+   , Stand-Up Special, Comedy     , Korean    , South Korea   , PG-13     ,         2018,             3,        ,         ,         116,        7.6,                  51,                 99,                  19.38,               71.2,                44.0,         3,              64045,            64107,                36.25,                        92.87, Gaming Console, Standard         , HD        ,        84754, 1695105, 206098,                     79,                  16,                0, No         , No              , No
       549, Firestorm             , Paramount+  , Stand-Up Special, Biography  , Spanish   , India         , TV-G      ,         2024,            10,        ,         ,         131,        4.0,                  93,                 52,                  41.87,               33.8,                45.8,         5,             472421,            78105,                23.45,                       105.64, Laptop        , Premium          , SD        ,       112371, 1028391, 371163,                     88,                   9,                7, Yes        , Yes             , Yes
       550, Signal                , Amazon Prime, Series          , Romance    , German    , Mexico        , G         ,         2023,             4,       3,       21,          24,        5.5,                  90,                 92,                  57.66,               23.5,                89.0,         4,             263958,            66311,                43.19,                        87.95, Gaming Console, Basic            , Full HD   ,       349932, 1078737, 187371,                     52,                  16,               12, Yes        , Yes             , Yes
       551, Dark Waters           , HBO Max     , Series          , Sci-Fi     , Spanish   , Canada        , TV-14     ,         2016,             8,       2,       34,          32,        9.2,                  93,                 41,                   2.27,               17.5,                65.0,         5,             493788,            76923,                37.48,                       132.97, Smart TV      , Standard         , HD        ,       250643,  581397, 342765,                    135,                  13,                1, Yes        , Yes             , No
       552, The Conspiracy Files 5, Amazon Prime, Stand-Up Special, Comedy     , French    , Germany       , G         ,         2017,            12,        ,         ,          94,        4.6,                  40,                 45,                  82.35,               88.0,                94.9,         3,             244608,            98652,                33.03,                        11.17, Desktop       , Premium          , SD        ,        60832,  236469, 200593,                    108,                   7,                4, Yes        , Yes             , Yes
       553, Countdown             , Paramount+  , Series          , Biography  , Japanese  , Australia     , TV-G      ,         2018,             4,       4,       28,          40,        7.1,                  75,                 78,                  32.11,               28.4,                71.5,         3,             341115,            87181,                40.57,                       155.44, Smart TV      , Basic            , Full HD   ,        92396,  210777,  47248,                     77,                   2,               12, Yes        , No              , Yes
       554, Firestorm             , Disney+     , Series          , Crime      , Korean    , Germany       , PG-13     ,         2015,            10,       4,       68,          44,        8.0,                  28,                 30,                  76.53,               21.2,                72.0,         4,             181004,            16803,                38.97,                       116.9 , Smart TV      , Basic            , HD        ,       237937,  248927,  74395,                     75,                  13,               13, No         , No              , No
       555, Flashpoint            , Disney+     , Series          , Drama      , Korean    , United Kingdom, PG-13     ,         2015,             3,       8,       56,          49,        4.7,                  98,                 50,                  45.59,               34.0,                41.7,         1,             314083,            81189,                 3.12,                       143.91, Smart TV      , Standard         , 4K        ,       451967, 1239123,  11743,                    110,                  15,                4, Yes        , No              , Yes
       556, Nightfall             , Disney+     , Movie           , Thriller   , Korean    , United States , R         ,         2015,             2,        ,         ,          77,        7.4,                  71,                 93,                  53.66,               62.6,                55.2,         3,             468211,            40404,                31.16,                        74.49, Desktop       , Premium          , Full HD   ,       195069,  597879, 222921,                     49,                  16,                8, No         , Yes             , Yes
       557, Horizon               , Paramount+  , Documentary     , Drama      , Spanish   , United States , G         ,         2016,             9,       1,        1,          71,        4.1,                  72,                 59,                   9.63,               37.3,                79.5,         0,             256368,            21217,                21.22,                         9.0 , Smart TV      , Premium          , SD        ,       425948, 1524232, 351384,                     98,                  29,                3, Yes        , Yes             , Yes
       558, Nightfall             , Paramount+  , Movie           , Thriller   , Portuguese, United States , TV-PG     ,         2022,             2,        ,         ,         106,        4.3,                  49,                 72,                   7.66,               19.3,                87.9,         2,             278236,            36116,                24.63,                        40.3 , Laptop        , Basic            , SD        ,       369182,  412302,  13007,                      9,                  37,               13, Yes        , No              , No
       559, Rising Sun            , Peacock     , Stand-Up Special, Horror     , Italian   , United States , R         ,         2016,             9,        ,         ,          75,        5.8,                  45,                 81,                  14.96,               63.6,                93.2,         2,             439526,            57340,                44.49,                        87.64, Mobile        , Basic            , Full HD   ,       306835,  134474, 275059,                     66,                   9,               15, Yes        , Yes             , Yes
       560, The Confession        , Peacock     , Movie           , Horror     , Japanese  , Australia     , G         ,         2016,             2,        ,         ,          81,        6.5,                  82,                 89,                  11.9 ,               31.7,                21.5,         5,             137727,            76751,                11.84,                       153.77, Desktop       , Basic            , Full HD   ,       301079,    6447, 165185,                     68,                   5,               10, Yes        , Yes             , No
       561, Fallout               , Netflix     , Stand-Up Special, Horror     , Mandarin  , Spain         , TV-PG     ,         2024,             9,        ,         ,         138,        7.5,                  28,                 55,                  44.06,               69.0,                29.4,         3,             200394,            79034,                27.85,                        58.88, Laptop        , Standard         , SD        ,        77875,  453679, 254266,                     78,                   4,               15, No         , No              , Yes
       562, Phantom Signal        , Apple TV+   , Documentary     , Action     , Hindi     , Mexico        , TV-MA     ,         2024,            10,       1,       10,         102,        8.4,                  28,                 63,                  15.77,               52.5,                97.1,         5,              73173,             3448,                10.76,                        10.67, Laptop        , Premium          , HD        ,        55462,  186794, 215357,                     19,                  11,                0, No         , Yes             , Yes
       563, Crossroads            , Paramount+  , Series          , Comedy     , Spanish   , Spain         , G         ,         2023,             9,       5,      110,          23,        8.5,                  29,                 99,                  88.17,               22.2,                43.7,         1,              84261,            99330,                 6.06,                       189.39, Tablet        , Premium          , HD        ,       299464,  923588, 265744,                    100,                  29,                0, Yes        , Yes             , Yes
       564, Rising Tide           , Peacock     , Documentary     , Romance    , Italian   , Australia     , PG        ,         2017,             4,        ,         ,         117,        4.5,                  96,                 81,                   8.78,               81.1,                26.6,         1,             267857,            65494,                33.73,                       118.29, Mobile        , Premium          , 4K        ,       293488, 1895530, 264611,                     43,                  30,               12, No         , Yes             , No
       565, Crimson Tide          , Hulu        , Movie           , Horror     , Spanish   , Canada        , TV-PG     ,         2016,             6,        ,         ,         129,        4.2,                  90,                 61,                  16.9 ,               47.4,                89.7,         5,             290042,            73162,                11.25,                       144.71, Tablet        , Basic            , 4K        ,       304679, 1673342, 450369,                    173,                  26,                5, No         , Yes             , No
       566, Overload              , Peacock     , Documentary     , Animation  , Hindi     , Mexico        , TV-MA     ,         2024,             7,       1,        5,         102,        6.8,                  39,                 38,                  42.23,               28.3,                46.4,         3,              74626,            20946,                49.06,                        71.44, Mobile        , Premium          , 4K        ,       144343, 1138055, 286644,                     37,                   1,                7, No         , No              , Yes
       567, Fallout 5             , Disney+     , Mini-Series     , Sci-Fi     , Italian   , India         , TV-G      ,         2024,            10,       1,        3,          43,        4.1,                  28,                 41,                  28.56,               21.0,                84.7,         4,             469793,            99180,                49.71,                        50.03, Gaming Console, Premium          , HD        ,       430358, 1831192, 107264,                    187,                  27,                3, Yes        , Yes             , No
       568, Override              , Netflix     , Mini-Series     , Action     , Hindi     , United States , TV-MA     ,         2020,             9,       1,        7,          33,        6.2,                  22,                 51,                  34.29,               32.2,                78.5,         3,              75835,            34364,                 6.27,                        19.92, Tablet        , Premium          , SD        ,       457775,  405371, 365446,                     79,                  18,                0, No         , No              , Yes
       569, The Conspiracy Files  , Paramount+  , Movie           , Animation  , French    , Mexico        , TV-MA     ,         2024,             9,        ,         ,         148,        8.1,                  25,                 99,                  51.44,              135.7,                20.2,         3,             242076,            72240,                 7.32,                        54.66, Laptop        , Standard         , 4K        ,       271092, 1778046,  54843,                     62,                  21,                5, No         , No              , No
       570, Freefall              , Hulu        , Stand-Up Special, Sci-Fi     , Mandarin  , Brazil        , TV-G      ,         2019,             9,        ,         ,         123,        7.1,                  31,                 71,                  32.39,               43.2,                44.5,         5,              25847,            14502,                 6.25,                        27.39, Desktop       , Premium          , HD        ,        30767, 1771812, 360433,                    127,                  24,                7, No         , Yes             , No
       571, The Reckoning 2       , Peacock     , Movie           , Thriller   , Mandarin  , Brazil        , TV-PG     ,         2018,             7,        ,         ,         115,        5.4,                  36,                 42,                  48.94,               41.0,                49.0,         0,             198696,            63636,                 0.43,                         5.44, Gaming Console, Premium          , Full HD   ,       423147,  285075, 156621,                    140,                  38,                8, Yes        , Yes             , No
       572, The Renegade          , HBO Max     , Stand-Up Special, Crime      , German    , Germany       , TV-G      ,         2021,             1,        ,         ,         116,        8.3,                  53,                 50,                   1.46,               94.8,                44.2,         3,             453602,            47734,                24.53,                        88.9 , Desktop       , Basic            , 4K        ,       410314, 1998667, 161764,                     86,                  15,                6, Yes        , No              , Yes
       573, The Verdict           , Apple TV+   , Mini-Series     , Sci-Fi     , German    , India         , PG-13     ,         2021,             6,       1,        8,          39,        4.3,                  70,                 72,                  57.39,               23.3,                92.2,         0,             364271,            88508,                21.3 ,                       171.19, Smart TV      , Basic            , HD        ,       154249,  379776, 399536,                    120,                  28,               15, No         , No              , No
       574, The Uprising          , Amazon Prime, Documentary     , Drama      , Spanish   , United Kingdom, PG-13     ,         2019,            12,       1,        2,          92,        9.0,                  84,                 62,                  50.72,               54.8,                50.3,         0,               3208,            99679,                45.23,                       107.6 , Smart TV      , Standard         , 4K        ,       252337, 1491105, 259288,                    148,                   9,                6, Yes        , Yes             , No
       575, Shattered             , Netflix     , Mini-Series     , Documentary, French    , Mexico        , TV-PG     ,         2019,             3,       1,        8,          55,        6.3,                  38,                 44,                  87.36,               17.1,                61.2,         1,             385569,            99578,                44.23,                        68.76, Laptop        , Standard         , 4K        ,       454292, 1578330, 279083,                     17,                  30,               11, Yes        , No              , No
       576, The Pursuit of Truth 3, Amazon Prime, Stand-Up Special, Biography  , Hindi     , Brazil        , TV-14     ,         2019,             6,        ,         ,         177,        8.1,                  54,                 36,                   3.08,              168.0,                39.8,         5,             192637,            37382,                32.63,                        68.04, Mobile        , Basic            , SD        ,        58457,  293583, 495181,                     54,                  10,               14, No         , No              , Yes
       577, Rising Sun            , Peacock     , Series          , Thriller   , Korean    , Australia     , PG-13     ,         2022,             3,       1,       12,          57,        7.0,                  41,                 39,                  85.3 ,               29.9,                21.0,         4,              31865,             8817,                30.36,                        77.71, Mobile        , Basic            , Full HD   ,       172515, 1499056, 333112,                     54,                   3,               12, Yes        , No              , Yes
       578, The Confession        , Hulu        , Mini-Series     , Thriller   , Korean    , United States , G         ,         2016,             9,       1,        3,          52,        8.8,                  76,                 90,                  48.04,               34.0,                25.2,         3,             181057,            22577,                13.98,                        51.25, Gaming Console, Standard         , Full HD   ,       137354,  896627,  28052,                    141,                  14,               11, Yes        , No              , Yes
       579, Rising Sun            , Amazon Prime, Movie           , Fantasy    , Japanese  , South Korea   , PG        ,         2017,             9,        ,         ,         133,        9.3,                  85,                 62,                  83.06,              101.8,                82.7,         4,             303709,            55782,                49.41,                       105.77, Mobile        , Premium          , SD        ,       160521,  659658, 252318,                    153,                   9,               15, Yes        , No              , No
       580, Standoff 5            , Hulu        , Movie           , Comedy     , Mandarin  , Brazil        , TV-PG     ,         2019,             3,        ,         ,         109,        4.7,                  46,                 58,                  56.32,               30.3,                38.4,         4,             415418,            13527,                 7.59,                        22.99, Gaming Console, Premium          , 4K        ,        15822,  821967, 482329,                     45,                  37,                6, Yes        , Yes             , Yes
       581, Starfall 2            , Amazon Prime, Movie           , Action     , Hindi     , India         , G         ,         2015,             2,        ,         ,         163,        6.9,                  79,                 85,                  36.11,               21.7,                22.3,         5,             312929,            88011,                43.4 ,                       183.95, Gaming Console, Standard         , 4K        ,        63857,   23596, 287184,                     26,                  19,                6, No         , No              , Yes
       582, The Heist 3           , HBO Max     , Mini-Series     , Fantasy    , Hindi     , Australia     , PG        ,         2024,             9,       1,        3,          55,        6.7,                  73,                 47,                  18.6 ,               27.4,                87.6,         4,             165880,            88641,                39.52,                         7.46, Mobile        , Premium          , SD        ,       239672, 1751853, 394063,                    108,                  12,                0, No         , No              , No
       583, Nexus                 , Paramount+  , Movie           , Romance    , English   , Mexico        , G         ,         2021,             7,        ,         ,         160,        6.1,                  54,                 41,                   7.11,              146.2,                50.7,         2,             156809,            11343,                35.46,                       140.96, Mobile        , Standard         , SD        ,       423550,  937570, 283992,                     87,                   7,               12, No         , No              , Yes
       584, Hollow Ground Zero    , Apple TV+   , Stand-Up Special, Thriller   , German    , Germany       , R         ,         2019,             9,        ,         ,          93,        6.1,                  92,                 81,                  15.22,               62.3,                81.2,         4,             122725,            70770,                21.7 ,                       111.31, Gaming Console, Premium          , SD        ,       247764, 1109784, 357641,                    174,                  32,                2, No         , Yes             , No
       585, Pulse                 , Disney+     , Mini-Series     , Documentary, Spanish   , Canada        , TV-G      ,         2021,             1,       1,        8,          49,        5.3,                  22,                 41,                  12.69,               45.0,                79.6,         2,             238316,            82714,                26.12,                       112.03, Mobile        , Standard         , SD        ,       158765,  165060, 290096,                      6,                  37,               11, Yes        , Yes             , No
       586, The Pursuit           , Apple TV+   , Movie           , Documentary, Italian   , Spain         , TV-MA     ,         2016,            11,        ,         ,         170,        4.8,                  57,                 79,                  57.24,              136.5,                27.5,         5,             417980,            84538,                27.59,                        56.43, Desktop       , Premium          , 4K        ,       492862,  289026, 228464,                     73,                  12,                5, Yes        , No              , No
       587, The Pursuit of Truth  , Paramount+  , Movie           , Biography  , Korean    , Mexico        , TV-14     ,         2019,             3,        ,         ,          88,        8.5,                  64,                 67,                  35.48,               75.8,                23.5,         3,             408683,            66295,                 6.36,                       169.06, Mobile        , Basic            , Full HD   ,       260592, 1741794,     41,                    186,                  37,                0, Yes        , Yes             , No
       588, The Covenant          , Apple TV+   , Documentary     , Horror     , English   , Spain         , PG-13     ,         2018,             3,        ,         ,         105,        9.5,                  84,                 50,                  87.36,               70.0,                89.2,         2,               2651,             7656,                 4.49,                       104.27, Desktop       , Basic            , HD        ,       361204,  549171, 375964,                    120,                  16,                2, Yes        , No              , Yes
       589, Flashpoint            , Apple TV+   , Movie           , Documentary, Spanish   , United States , TV-14     ,         2023,            11,        ,         ,         164,        8.1,                  27,                 41,                  11.12,               70.4,                20.1,         1,             442415,            60794,                44.3 ,                        22.29, Gaming Console, Basic            , Full HD   ,        97530,  896430,  42409,                     16,                  24,                7, No         , Yes             , Yes
       590, The Awakening 5       , Amazon Prime, Documentary     , Crime      , Japanese  , Australia     , G         ,         2015,             8,        ,         ,          56,        8.8,                  93,                 69,                  53.41,               28.4,                42.9,         5,              73845,            74381,                26.12,                        82.93, Desktop       , Premium          , HD        ,       453666, 1798330, 216082,                     93,                   9,                8, No         , No              , Yes
       591, Broken Chains         , Amazon Prime, Stand-Up Special, Biography  , Portuguese, India         , TV-G      ,         2018,             5,        ,         ,         178,        7.0,                  47,                 39,                   3.47,               69.2,                32.0,         4,             348120,            80055,                20.19,                       137.08, Smart TV      , Standard         , Full HD   ,       111899, 1849051, 410879,                     97,                  29,                8, Yes        , No              , Yes
       592, Silent Echo           , Peacock     , Mini-Series     , Animation  , German    , United States , TV-PG     ,         2022,             4,       1,        7,          47,        5.2,                  52,                 68,                  88.45,               31.1,                62.7,         1,             166681,            29864,                19.16,                       196.29, Gaming Console, Standard         , 4K        ,       479775,  289296, 283226,                     17,                  22,               10, Yes        , No              , No
       593, Darkroom              , Peacock     , Mini-Series     , Documentary, Mandarin  , France        , TV-14     ,         2016,             6,       1,        6,          35,        5.1,                  43,                 31,                  56.48,               25.8,                46.0,         2,              56172,             5571,                24.69,                       140.12, Gaming Console, Basic            , SD        ,       466395,  489933,  52297,                     26,                   7,               14, No         , Yes             , Yes
       594, Vanishing Point       , HBO Max     , Documentary     , Fantasy    , German    , United States , PG-13     ,         2017,            11,       1,        7,          92,        9.1,                  60,                 64,                  66.4 ,               21.4,                33.8,         0,             468172,            10838,                33.36,                        36.86, Tablet        , Premium          , Full HD   ,       457188,  124924,   5554,                     45,                  27,                1, Yes        , No              , Yes
       595, Nightfall             , Disney+     , Mini-Series     , Fantasy    , Mandarin  , Japan         , TV-G      ,         2024,             6,       1,        3,          44,        5.6,                  83,                 42,                  72.7 ,               35.4,                85.9,         3,             311930,            72187,                 2.52,                        71.1 , Gaming Console, Premium          , Full HD   ,       337646,   58925, 478923,                     64,                   5,                1, Yes        , No              , No
       596, Lockdown              , HBO Max     , Movie           , Thriller   , Mandarin  , United Kingdom, G         ,         2019,             6,        ,         ,          91,        9.2,                  47,                 84,                   4.43,               61.5,                95.8,         2,              33769,             9438,                27.16,                       125.56, Smart TV      , Basic            , Full HD   ,       461685, 1290632, 323285,                     49,                  35,               11, No         , Yes             , No
       597, Standoff              , Disney+     , Movie           , Romance    , German    , United Kingdom, G         ,         2015,             7,        ,         ,         137,        7.1,                  93,                 31,                  61.23,               63.5,                53.4,         4,              30822,             9658,                27.36,                       143.57, Laptop        , Standard         , SD        ,       408100, 1458568, 469477,                     66,                  31,                8, Yes        , Yes             , Yes
       598, Endgame               , HBO Max     , Stand-Up Special, Biography  , Japanese  , South Korea   , G         ,         2015,             7,        ,         ,         137,        6.5,                  40,                 72,                  31.24,               41.6,                69.4,         0,              38209,            64648,                10.67,                        76.21, Tablet        , Basic            , 4K        ,        96332,  599610,  55462,                    122,                  35,                8, Yes        , Yes             , Yes
       599, Flashback             , Disney+     , Series          , Thriller   , Korean    , France        , PG        ,         2016,             1,       1,       24,          24,        7.5,                  73,                 35,                  33.9 ,               15.1,                79.6,         4,             291391,            54264,                25.55,                        48.97, Mobile        , Basic            , SD        ,       201390,  823404, 232831,                     61,                   9,                0, No         , No              , No
       600, The Escape            , Paramount+  , Mini-Series     , Crime      , French    , United Kingdom, PG-13     ,         2024,            12,       1,        7,          54,        6.3,                  41,                 80,                   4.51,               52.2,                38.7,         5,             421583,            23485,                39.88,                       177.01, Mobile        , Standard         , Full HD   ,       185502, 1092004,  97809,                     24,                  17,               14, No         , Yes             , Yes
       601, The Last Kingdom      , Amazon Prime, Movie           , Romance    , French    , South Korea   , G         ,         2017,             4,        ,         ,         130,        7.9,                  41,                 42,                  61.5 ,               84.9,                71.5,         0,             184849,            68738,                39.29,                       104.69, Laptop        , Premium          , SD        ,       359918,  767745, 296517,                     29,                  28,                3, Yes        , No              , Yes
       602, Undertow              , Amazon Prime, Stand-Up Special, Romance    , Mandarin  , Mexico        , TV-G      ,         2022,             3,        ,         ,         165,        7.8,                  68,                 96,                   4.32,               22.6,                97.4,         2,             480860,            30976,                23.96,                       153.23, Gaming Console, Premium          , HD        ,        35265, 1148267, 196847,                    160,                  10,               15, Yes        , No              , No
       603, Afterglow             , Amazon Prime, Stand-Up Special, Action     , French    , Mexico        , TV-G      ,         2017,             1,        ,         ,          81,        5.0,                  47,                 67,                  51.03,               56.3,                85.4,         1,              70920,            86833,                47.28,                        12.3 , Smart TV      , Standard         , Full HD   ,       255522,  584704, 343331,                     59,                   9,                3, Yes        , No              , No
       604, Firestorm             , Hulu        , Movie           , Fantasy    , French    , Mexico        , G         ,         2017,             1,        ,         ,         156,        5.1,                  26,                 65,                  89.03,              113.1,                37.1,         1,              68463,            93970,                21.97,                        72.16, Mobile        , Premium          , SD        ,       127818,  782192, 376371,                     54,                   3,                4, Yes        , No              , No
       605, Blue Horizon          , Peacock     , Series          , Drama      , English   , France        , R         ,         2022,             8,       8,      136,          47,        9.0,                  32,                 98,                  21.38,               39.6,                73.3,         5,              84881,            78409,                 4.53,                       136.69, Gaming Console, Premium          , SD        ,       246295,  626179, 198253,                    160,                   3,                5, Yes        , Yes             , Yes
       606, Rising Tide           , HBO Max     , Movie           , Crime      , German    , Germany       , PG-13     ,         2017,            10,        ,         ,          85,        8.4,                  45,                 45,                  39.94,               16.0,                24.4,         3,             292122,            48309,                48.44,                        83.83, Laptop        , Standard         , SD        ,       200938,  490556, 367235,                    105,                  10,                2, No         , No              , No
       607, Shadow Protocol       , HBO Max     , Mini-Series     , Horror     , English   , Spain         , TV-PG     ,         2021,             4,       1,        8,          39,        7.3,                  44,                 58,                  53.96,               23.3,                43.6,         4,             197619,            21925,                22.71,                        26.33, Mobile        , Standard         , HD        ,       227507, 1849922, 437278,                     35,                   6,                9, Yes        , No              , Yes
       608, Axis                  , Disney+     , Mini-Series     , Fantasy    , Portuguese, Mexico        , TV-14     ,         2019,            11,       1,        4,          33,        7.7,                  85,                 35,                  50.76,               23.9,                96.9,         5,             323852,            12856,                37.01,                       186.1 , Mobile        , Premium          , HD        ,       379820,  652597, 475769,                    187,                   6,               12, No         , Yes             , Yes
       609, Stormfront            , Hulu        , Series          , Biography  , Korean    , Spain         , PG-13     ,         2020,            11,       1,       17,          56,        5.3,                  51,                 63,                  90.18,               53.9,                22.7,         5,             126293,            10164,                 3.98,                       166.97, Gaming Console, Premium          , 4K        ,       212736,   58798, 196021,                    189,                  18,               11, No         , No              , No
       610, Nightfall City        , Paramount+  , Documentary     , Crime      , Korean    , Mexico        , TV-14     ,         2018,             6,       1,        7,          92,        7.1,                  54,                 80,                  36.79,               71.1,                80.6,         3,             423044,             8333,                21.57,                       181.24, Mobile        , Basic            , HD        ,       180015,  598943, 193964,                     10,                  35,                0, No         , No              , Yes
       611, Frequency             , Peacock     , Stand-Up Special, Action     , Japanese  , France        , TV-PG     ,         2021,             5,        ,         ,         132,        5.0,                  50,                 31,                  43.11,              129.8,                30.7,         2,             407329,            94031,                29.45,                        24.17, Mobile        , Standard         , SD        ,       489276, 1706421, 149911,                     18,                  17,                6, Yes        , Yes             , No
       612, Frequency 4           , HBO Max     , Series          , Biography  , English   , Spain         , TV-PG     ,         2018,            11,       8,      104,          28,        9.3,                  22,                 33,                  50.79,               23.9,                29.5,         4,             430939,            46696,                45.99,                        28.85, Smart TV      , Basic            , Full HD   ,       382722, 1151400, 234174,                     28,                  36,                8, No         , Yes             , Yes
       613, The Pursuit           , HBO Max     , Series          , Sci-Fi     , Portuguese, Spain         , TV-MA     ,         2019,            11,       8,       56,          29,        6.7,                  40,                 33,                  65.72,               20.8,                46.6,         5,             430102,            19344,                11.17,                        89.22, Laptop        , Basic            , 4K        ,       209925, 1430291, 169834,                    109,                  13,                6, No         , Yes             , Yes
       614, Darkroom              , Netflix     , Mini-Series     , Action     , Italian   , Brazil        , PG        ,         2015,             6,       1,        5,          50,        6.9,                  25,                 34,                   2.5 ,               20.3,                86.8,         1,             382461,            16780,                 3.33,                        37.67, Laptop        , Premium          , HD        ,        62920,  892275,  13887,                    159,                  20,                7, Yes        , Yes             , No
       615, Flashpoint City       , Amazon Prime, Documentary     , Action     , English   , South Korea   , PG        ,         2018,             7,        ,         ,          89,        7.9,                  86,                 80,                  16.8 ,               68.3,                66.9,         1,             301787,            95191,                31.58,                        97.19, Mobile        , Standard         , HD        ,       377084,  783446, 322641,                     95,                  14,                7, Yes        , Yes             , Yes
       616, Backlash              , Paramount+  , Series          , Biography  , Mandarin  , South Korea   , PG-13     ,         2015,             5,       6,      126,          36,        8.3,                  48,                 46,                  21.61,               24.0,                59.6,         0,             246175,            52048,                 4.63,                        10.27, Laptop        , Basic            , HD        ,       204045, 1273352, 261018,                     35,                  33,                5, Yes        , No              , Yes
       617, Broken Wings 2        , Disney+     , Documentary     , Comedy     , Japanese  , Australia     , R         ,         2023,            11,       1,        2,         108,        7.7,                  75,                 63,                  50.79,               39.0,                51.4,         1,             170032,            58014,                37.7 ,                        26.64, Mobile        , Basic            , HD        ,        74307, 1997184,  84622,                    187,                  33,                0, Yes        , No              , No
       618, Iron Will             , Disney+     , Series          , Action     , Japanese  , Germany       , G         ,         2021,             3,       6,       72,          45,        7.6,                  69,                 61,                  79.16,               34.1,                76.3,         1,              34953,            84902,                 5.78,                        11.56, Laptop        , Premium          , 4K        ,       144637,  219339, 433949,                     65,                   1,               15, No         , Yes             , No
       619, Nadir 4               , Disney+     , Movie           , Fantasy    , Spanish   , South Korea   , TV-PG     ,         2017,             7,        ,         ,         159,        4.3,                  56,                 81,                  21.85,              134.3,                56.9,         2,             202436,             8291,                15.73,                        55.73, Laptop        , Basic            , Full HD   ,       166994,  527380, 298160,                     23,                  12,                2, No         , Yes             , No
       620, Override              , Amazon Prime, Stand-Up Special, Fantasy    , Japanese  , France        , TV-PG     ,         2019,             1,        ,         ,         147,        9.1,                  31,                 78,                  56.32,               42.9,                45.0,         4,             260388,            46891,                40.25,                        12.51, Smart TV      , Basic            , SD        ,       133020,  353946, 227863,                     45,                   1,                2, No         , Yes             , Yes
       621, Catalyst              , Disney+     , Mini-Series     , Comedy     , Hindi     , Canada        , R         ,         2021,            10,       1,        6,          44,        6.9,                  78,                 81,                   3.55,               42.7,                57.0,         0,              86493,            55884,                24.55,                        97.03, Smart TV      , Premium          , HD        ,        69178,  918336, 341863,                    104,                   2,               14, No         , No              , No
       622, Deadlock              , Hulu        , Stand-Up Special, Biography  , Korean    , South Korea   , PG        ,         2024,             2,        ,         ,         155,        8.2,                  62,                 69,                  17.98,              148.5,                72.4,         4,             333936,            43892,                 9.13,                        25.38, Smart TV      , Basic            , SD        ,       307331,  145334, 184545,                     11,                  23,               15, No         , No              , No
       623, Endgame               , HBO Max     , Documentary     , Drama      , English   , United States , PG-13     ,         2021,             9,        ,         ,          95,        5.7,                  89,                 85,                  47.21,               38.8,                54.9,         3,             484105,            40568,                44.25,                        18.26, Mobile        , Standard         , Full HD   ,       223727, 1448448,  17717,                     70,                  22,                1, Yes        , No              , Yes
       624, Deadlock              , Hulu        , Documentary     , Thriller   , English   , Canada        , TV-PG     ,         2019,            10,        ,         ,          68,        9.3,                  76,                 40,                  10.53,               48.7,                70.7,         1,             298482,            91218,                19.04,                        64.56, Smart TV      , Premium          , Full HD   ,       311248,  977271, 376981,                      7,                  12,               11, No         , Yes             , Yes
       625, Flashpoint City 5     , Hulu        , Documentary     , Horror     , Hindi     , United Kingdom, TV-14     ,         2024,             5,        ,         ,          95,        5.9,                  56,                 82,                  62.49,               34.8,                95.8,         2,             458573,            38293,                37.28,                        61.82, Tablet        , Basic            , Full HD   ,       320907,  254510, 207377,                    150,                  39,                7, Yes        , No              , No
       626, Deadfall              , Hulu        , Stand-Up Special, Horror     , German    , Japan         , G         ,         2023,            11,        ,         ,         159,        7.8,                  41,                 48,                  21.41,              100.4,                59.0,         1,             317424,            94758,                23.88,                       187.07, Desktop       , Premium          , Full HD   ,        52352,  522662,  82686,                     31,                   1,               14, Yes        , Yes             , Yes
       627, The Reckoning         , Netflix     , Documentary     , Romance    , Korean    , Brazil        , TV-14     ,         2018,             5,        ,         ,          92,        5.9,                  94,                 46,                  81.63,               24.7,                39.1,         0,             158215,            36456,                28.36,                       169.73, Laptop        , Basic            , HD        ,       379390, 1281330, 117160,                    150,                   4,                0, Yes        , No              , Yes
       628, The Uprising          , Hulu        , Documentary     , Romance    , German    , France        , TV-PG     ,         2018,             6,        ,         ,         105,        9.3,                  91,                 85,                  92.23,               22.1,                64.7,         1,             495128,             9015,                13.09,                        72.42, Tablet        , Basic            , Full HD   ,       364830,  686405, 207915,                    104,                  15,                2, Yes        , Yes             , No
       629, Blue Horizon          , HBO Max     , Series          , Thriller   , German    , India         , PG-13     ,         2015,             4,       4,       60,          51,        5.6,                  53,                 82,                  19.83,               18.9,                43.5,         5,             236329,            93612,                28.99,                       101.13, Gaming Console, Premium          , 4K        ,       409744, 1723024, 283268,                     12,                   3,               10, Yes        , No              , No
       630, Apex                  , Netflix     , Series          , Fantasy    , Spanish   , Australia     , TV-G      ,         2022,             5,       2,       40,          38,        5.0,                  24,                 68,                  19.82,               22.3,                32.1,         4,             416252,            48052,                47.37,                        33.09, Desktop       , Premium          , Full HD   ,       221364,  819758, 177397,                     51,                  29,               10, Yes        , Yes             , Yes
       631, The Uprising          , Disney+     , Stand-Up Special, Thriller   , English   , India         , G         ,         2017,             6,        ,         ,         126,        7.2,                  33,                 57,                  19.5 ,               16.1,                21.7,         1,             132979,            53515,                23.45,                        14.01, Gaming Console, Basic            , 4K        ,       410731,  957018, 191480,                      7,                  29,               13, Yes        , No              , No
       632, Apex                  , Hulu        , Movie           , Action     , Korean    , Australia     , TV-14     ,         2018,             1,        ,         ,          85,        9.2,                  42,                 59,                  69.82,               53.9,                40.1,         3,              89457,            30800,                 1.5 ,                        54.54, Mobile        , Basic            , HD        ,       283261,  620867, 240371,                     22,                  38,                0, Yes        , No              , Yes
       633, The Divide            , Disney+     , Mini-Series     , Drama      , Japanese  , United States , TV-G      ,         2021,             5,       1,        8,          58,        7.0,                  33,                 90,                  61.04,               44.7,                45.0,         2,             217013,            13876,                31.13,                       166.56, Mobile        , Standard         , SD        ,       202591,  754572, 335459,                    143,                  15,               14, Yes        , No              , Yes
       634, Nightfall             , Amazon Prime, Series          , Action     , Japanese  , Canada        , G         ,         2024,            12,       6,      108,          47,        8.2,                  56,                 62,                  86.92,               38.2,                31.5,         1,             254524,            32650,                31.38,                        90.55, Smart TV      , Basic            , SD        ,        68202,  177385,  45073,                     17,                   8,               14, Yes        , Yes             , No
       635, Gridlock              , Netflix     , Movie           , Documentary, English   , Spain         , TV-MA     ,         2015,            11,        ,         ,         103,        7.3,                  65,                 43,                  55.88,               69.5,                39.6,         2,              93429,            78404,                15.95,                       177.21, Smart TV      , Standard         , SD        ,        90575,  368156,  74513,                    131,                  25,                8, Yes        , Yes             , No
       636, The Prodigy 4         , HBO Max     , Series          , Action     , Spanish   , Germany       , PG-13     ,         2021,            11,       6,       84,          59,        8.8,                  68,                 54,                  86.34,               47.6,                20.1,         4,             428057,            25624,                10.16,                        58.33, Tablet        , Standard         , SD        ,       159817, 1053296, 440735,                    137,                  32,               10, Yes        , No              , No
       637, Dark Waters           , Netflix     , Mini-Series     , Crime      , German    , Brazil        , TV-14     ,         2016,            10,       1,        5,          36,        8.3,                  77,                 93,                  24.53,               29.7,                34.2,         3,             332745,            86236,                10.5 ,                       189.55, Desktop       , Premium          , Full HD   ,       217165,  489095, 140523,                     52,                  29,               15, No         , No              , Yes
       638, The Divide            , Disney+     , Movie           , Sci-Fi     , Spanish   , Germany       , TV-14     ,         2023,             2,        ,         ,          93,        8.5,                  37,                 33,                  62.18,               59.7,                92.3,         1,             310655,            37465,                 5.9 ,                        64.85, Laptop        , Basic            , SD        ,        79550, 1240381, 166600,                     85,                  38,               12, Yes        , No              , Yes
       639, The Heist Plan        , Disney+     , Documentary     , Action     , Mandarin  , Mexico        , TV-MA     ,         2017,             1,        ,         ,          93,        4.4,                  53,                 95,                   2.67,               67.2,                46.5,         1,             107354,            94876,                 5.39,                       131.11, Smart TV      , Basic            , Full HD   ,       300937, 1120886, 446529,                     62,                  11,                2, Yes        , Yes             , Yes
       640, Broken Wings          , Disney+     , Movie           , Romance    , Korean    , Brazil        , PG        ,         2020,             9,        ,         ,          94,        8.8,                  89,                 83,                  50.95,               93.3,                43.2,         0,              54516,            76395,                 5.53,                        65.68, Desktop       , Premium          , SD        ,       204240,  648757, 160229,                     39,                   1,                1, No         , Yes             , No
       641, Shattered             , Paramount+  , Series          , Romance    , Portuguese, France        , TV-PG     ,         2021,             5,       7,      105,          29,        7.3,                  36,                 57,                  28.21,               17.5,                67.6,         5,             487672,            57162,                40.44,                        36.22, Mobile        , Basic            , SD        ,       160292, 1447506,  33545,                     16,                  19,                5, No         , Yes             , Yes
       642, The Heist             , Amazon Prime, Movie           , Documentary, Mandarin  , Spain         , PG-13     ,         2021,            10,        ,         ,         153,        7.3,                  98,                 65,                  54.7 ,               87.7,                70.8,         4,             366115,            26104,                 5.59,                       110.14, Smart TV      , Basic            , 4K        ,       221429,  859557,  10986,                    181,                  11,                0, Yes        , Yes             , No
       643, The Awakening         , Apple TV+   , Series          , Animation  , German    , South Korea   , PG        ,         2015,             6,       1,       16,          33,        5.5,                  87,                 60,                  52.28,               15.0,                47.7,         5,              84850,            54778,                42.13,                       123.38, Gaming Console, Premium          , SD        ,        31319,  946129, 208733,                    141,                  28,                5, No         , No              , Yes
       644, Phantom Signal 3      , Peacock     , Series          , Thriller   , Italian   , Germany       , PG        ,         2023,             6,       2,       46,          47,        5.0,                  78,                 43,                  23.62,               32.7,                95.3,         0,                430,             9749,                 9.53,                       132.93, Mobile        , Basic            , HD        ,       375910, 1276791,  79887,                     30,                  35,                7, No         , Yes             , No
       645, Threshold             , Amazon Prime, Stand-Up Special, Documentary, Japanese  , Mexico        , G         ,         2021,             8,        ,         ,         138,        6.1,                  25,                 84,                  71.8 ,              104.0,                84.4,         1,               3289,            83205,                44.95,                       107.88, Smart TV      , Premium          , Full HD   ,       129739, 1615587,  39363,                    164,                   9,               14, No         , No              , Yes
       646, Darkroom Files        , Amazon Prime, Mini-Series     , Crime      , German    , Canada        , R         ,         2023,            12,       1,        5,          41,        7.6,                  42,                 32,                  94.12,               36.4,                31.8,         3,             197588,            48318,                34.81,                       164.48, Desktop       , Standard         , HD        ,       320723, 1824365, 185556,                    152,                   7,                4, No         , No              , Yes
       647, Afterglow             , Disney+     , Mini-Series     , Romance    , Hindi     , Canada        , TV-MA     ,         2021,            11,       1,        8,          30,        8.2,                  58,                 47,                  55.08,               24.1,                54.7,         5,             249130,            18706,                38.25,                        82.7 , Desktop       , Standard         , SD        ,       400852,  918385, 301000,                    163,                  26,               15, Yes        , Yes             , No
       648, Afterglow             , Paramount+  , Mini-Series     , Animation  , Japanese  , Australia     , TV-MA     ,         2021,             5,       1,        3,          60,        6.8,                  97,                 94,                  80.48,               20.1,                56.0,         2,             439822,            60074,                25.97,                       126.17, Mobile        , Standard         , SD        ,       199709,  614496, 407070,                    154,                  35,                0, No         , No              , No
       649, Midnight Sun          , Disney+     , Stand-Up Special, Sci-Fi     , English   , France        , PG-13     ,         2016,             1,        ,         ,          95,        6.2,                  78,                 35,                  37.75,               38.2,                66.9,         0,               9478,            71350,                 9.0 ,                       107.16, Tablet        , Standard         , SD        ,       403842,  464492,    295,                    147,                  35,                6, Yes        , No              , No
       650, Afterglow             , Hulu        , Stand-Up Special, Crime      , Italian   , Japan         , PG        ,         2023,             6,        ,         ,         128,        9.4,                  50,                 31,                  14.28,              123.5,                81.5,         0,              24769,               82,                10.68,                       136.09, Gaming Console, Standard         , 4K        ,        53434, 1241978, 465894,                    157,                  23,                6, Yes        , No              , No
       651, Frozen in Time 4      , Hulu        , Documentary     , Animation  , Korean    , Germany       , TV-G      ,         2024,             1,        ,         ,          47,        7.6,                  87,                 90,                  15.47,               43.1,                82.7,         0,              59243,            82709,                37.52,                        85.83, Gaming Console, Basic            , SD        ,       121121,  569232, 481796,                     80,                  20,                8, Yes        , Yes             , No
       652, Borderline Cases      , Apple TV+   , Documentary     , Animation  , German    , France        , PG-13     ,         2019,             1,        ,         ,          63,        8.3,                  36,                 44,                  30.81,               31.5,                66.6,         3,              71789,            41343,                46.63,                       153.74, Mobile        , Basic            , SD        ,       319335,   16697, 173961,                     65,                  14,                9, No         , Yes             , No
       653, Nightfall City        , Peacock     , Mini-Series     , Animation  , Korean    , Australia     , TV-14     ,         2020,            10,       1,        4,          49,        6.4,                  41,                 42,                  80.58,               42.8,                61.7,         2,               3201,            64107,                41.53,                       193.91, Tablet        , Standard         , Full HD   ,       114429,  213228,  87159,                    184,                  39,                1, Yes        , Yes             , No
       654, Cold Case Files       , Amazon Prime, Movie           , Biography  , Italian   , South Korea   , PG-13     ,         2022,             8,        ,         ,          95,        6.3,                  54,                 98,                  61.08,               73.5,                68.2,         4,             168288,            93371,                33.77,                       111.05, Mobile        , Basic            , Full HD   ,        89342, 1428822, 441302,                     93,                   9,               10, Yes        , No              , Yes
       655, Deadlock City         , Apple TV+   , Stand-Up Special, Comedy     , Italian   , United Kingdom, G         ,         2020,             1,        ,         ,         142,        8.7,                  26,                 76,                  29.38,               26.8,                55.0,         2,             141161,            61815,                11.55,                        73.54, Mobile        , Standard         , HD        ,       156058,  919408, 458156,                    140,                  19,                3, No         , Yes             , No
       656, Deadfall              , Paramount+  , Series          , Horror     , Korean    , Canada        , R         ,         2015,             6,       4,       84,          54,        6.9,                  48,                 54,                  11.94,               23.5,                26.5,         0,             360909,            26350,                12.02,                       129.04, Desktop       , Basic            , 4K        ,       490961,   78605, 268959,                    126,                  33,                5, Yes        , No              , Yes
       657, Borderline Cases      , Hulu        , Movie           , Horror     , Portuguese, Germany       , PG-13     ,         2020,            11,        ,         ,          83,        5.7,                  35,                 86,                  65.72,               42.8,                84.9,         1,             485795,            42917,                36.46,                        96.78, Desktop       , Basic            , SD        ,       268424, 1183994, 452720,                     32,                  23,               13, No         , Yes             , No
       658, Darkroom              , Paramount+  , Movie           , Biography  , Italian   , Spain         , TV-PG     ,         2017,            10,        ,         ,         178,        6.2,                  28,                 69,                  21.4 ,              147.6,                30.7,         4,             301775,            33679,                44.44,                       126.01, Laptop        , Standard         , Full HD   ,        27658, 1278505, 308051,                    152,                  38,                0, Yes        , Yes             , Yes
       659, Undertow              , Apple TV+   , Documentary     , Thriller   , Mandarin  , United States , R         ,         2020,             3,       1,        2,         114,        7.3,                  86,                 67,                  85.95,               31.8,                43.0,         2,             385940,            67449,                38.84,                        59.86, Gaming Console, Premium          , 4K        ,       305625,  777539, 229669,                     48,                  36,               11, No         , No              , No
       660, Apex                  , Amazon Prime, Stand-Up Special, Drama      , French    , India         , PG        ,         2022,            12,        ,         ,         149,        6.5,                  88,                 39,                  77.92,               55.1,                62.2,         5,             318995,            59225,                44.94,                        92.69, Tablet        , Premium          , Full HD   ,       480247,  551005, 485207,                     89,                   7,                8, Yes        , No              , No
       661, Zenith                , Peacock     , Stand-Up Special, Comedy     , Spanish   , India         , R         ,         2015,             4,        ,         ,         142,        6.8,                  75,                 98,                  10.93,               25.4,                39.2,         3,             437409,            70617,                 4.04,                       189.08, Tablet        , Premium          , SD        ,       465359, 1722000,  11892,                    163,                  37,                5, Yes        , No              , No
       662, Firestorm 4           , Disney+     , Stand-Up Special, Sci-Fi     , German    , Canada        , R         ,         2018,             6,        ,         ,          86,        7.5,                  60,                 94,                  51.2 ,               16.5,                76.3,         5,               6233,            87678,                15.95,                        25.74, Laptop        , Basic            , SD        ,        63940, 1207374, 126432,                    154,                   6,                0, Yes        , Yes             , No
       663, Afterglow 4           , Apple TV+   , Movie           , Thriller   , German    , United States , G         ,         2023,             6,        ,         ,         180,        6.9,                  32,                 94,                  68.16,               22.0,                45.6,         1,             156938,            27810,                35.75,                        41.71, Smart TV      , Standard         , 4K        ,       107865,  795161, 397171,                    107,                   9,               14, Yes        , Yes             , No
       664, The Pursuit of Truth  , Peacock     , Stand-Up Special, Thriller   , Hindi     , France        , R         ,         2024,             1,        ,         ,         165,        4.0,                  62,                 99,                  30.63,              146.1,                78.6,         3,              47368,            48066,                31.66,                        58.73, Gaming Console, Basic            , SD        ,       341184,  701203, 451303,                    103,                  25,                7, No         , Yes             , No
       665, The Informant         , Amazon Prime, Movie           , Sci-Fi     , Korean    , South Korea   , TV-PG     ,         2024,             1,        ,         ,         159,        4.7,                  85,                 60,                  44.85,               41.2,                22.2,         1,             285580,            77922,                21.12,                       153.26, Laptop        , Standard         , SD        ,       179941, 1917133, 130753,                     80,                  12,                2, No         , No              , No
       666, The Inheritance       , Peacock     , Movie           , Drama      , Spanish   , Canada        , TV-G      ,         2020,            11,        ,         ,         101,        5.8,                  58,                 82,                  78.7 ,               18.7,                49.1,         0,              19646,            24760,                33.48,                       109.6 , Mobile        , Standard         , HD        ,         4387,  553871,  74831,                    129,                  27,                6, No         , Yes             , Yes
       667, Rising Tide           , HBO Max     , Documentary     , Comedy     , Portuguese, Canada        , R         ,         2024,             6,       1,        1,         118,        6.3,                  25,                 83,                  47.1 ,               41.8,                79.0,         5,             451027,            79536,                31.35,                       138.57, Smart TV      , Premium          , HD        ,        90821, 1060538, 281333,                     76,                  40,               14, No         , No              , No
       668, The Reckoning         , Hulu        , Mini-Series     , Animation  , Italian   , India         , TV-G      ,         2016,             8,       1,        5,          58,        5.1,                  74,                 45,                  74.96,               47.6,                85.5,         2,             406669,            94482,                38.3 ,                         7.51, Tablet        , Basic            , SD        ,       265998, 1034871, 107775,                    145,                  31,               14, No         , Yes             , Yes
       669, Wildfire              , Paramount+  , Documentary     , Drama      , Korean    , United Kingdom, R         ,         2015,            10,       1,       10,          59,        9.2,                  64,                 54,                  48.75,               43.0,                52.7,         0,              97669,            71427,                 6.43,                        27.08, Tablet        , Basic            , SD        ,       484402,  549482,  35567,                    172,                  11,                7, Yes        , Yes             , No
       670, Rising Sun            , Netflix     , Mini-Series     , Horror     , Spanish   , United States , G         ,         2022,            12,       1,        7,          56,        7.9,                  32,                 57,                  15.24,               30.2,                80.9,         4,             337246,             9867,                 3.02,                        96.8 , Desktop       , Standard         , SD        ,       332601, 1937023,  75739,                     41,                  18,               14, Yes        , No              , Yes
       671, Nexus                 , HBO Max     , Stand-Up Special, Sci-Fi     , Hindi     , India         , PG-13     ,         2020,             2,        ,         ,         138,        8.6,                  38,                 53,                  27.58,               47.6,                89.4,         5,             353081,            28047,                 8.66,                        20.39, Desktop       , Premium          , SD        ,        18633,  403631, 160168,                    102,                  34,               13, Yes        , No              , Yes
       672, Blue Horizon          , Disney+     , Stand-Up Special, Sci-Fi     , Italian   , Mexico        , PG-13     ,         2015,             3,        ,         ,         174,        4.2,                  96,                 72,                  74.07,               52.6,                89.7,         3,             378243,            17765,                 3.55,                        72.4 , Laptop        , Premium          , SD        ,         5280,  710959, 243723,                    126,                  39,               10, Yes        , Yes             , Yes
       673, Nightfall City        , Apple TV+   , Stand-Up Special, Drama      , English   , Spain         , R         ,         2024,             8,        ,         ,          86,        5.0,                  24,                 87,                  16.39,               21.6,                35.9,         3,             296941,             5407,                37.18,                        94.79, Smart TV      , Premium          , 4K        ,       259894,  299017,  97337,                     35,                   2,                8, No         , No              , No
       674, Orbit 5               , Amazon Prime, Stand-Up Special, Action     , Portuguese, United Kingdom, TV-G      ,         2015,             8,        ,         ,         107,        5.7,                  72,                 36,                  93.41,               28.3,                37.6,         2,             153687,            17268,                 9.22,                        29.27, Gaming Console, Standard         , SD        ,        75584,  717999,  94950,                     59,                  38,                8, Yes        , Yes             , Yes
       675, Deadfall              , Paramount+  , Documentary     , Action     , German    , Canada        , G         ,         2018,            11,       1,        7,          90,        5.7,                  48,                 46,                  44.73,               20.9,                56.3,         2,             377592,            73032,                 1.25,                       194.15, Mobile        , Standard         , Full HD   ,       433720, 1451416, 188276,                    154,                  35,               11, Yes        , No              , Yes
       676, Cold Case Files 2     , Apple TV+   , Stand-Up Special, Crime      , Spanish   , India         , TV-PG     ,         2023,             7,        ,         ,         171,        7.9,                  97,                 98,                  84.08,               54.8,                63.4,         4,             353613,            55220,                 6.39,                        92.99, Smart TV      , Basic            , Full HD   ,       163607,  956792, 135705,                     11,                  33,                7, No         , Yes             , Yes
       677, Firestorm 4           , Disney+     , Movie           , Sci-Fi     , Korean    , United States , G         ,         2021,            10,        ,         ,         169,        8.0,                  87,                 55,                  37.4 ,              163.1,                68.8,         1,             411787,            42734,                48.98,                        56.08, Tablet        , Premium          , 4K        ,       141827,  941820, 495225,                     15,                  33,                5, Yes        , Yes             , No
       678, The Conspiracy        , Disney+     , Series          , Biography  , English   , India         , PG        ,         2017,             4,       8,       80,          22,        6.0,                  62,                 30,                  83.48,               20.3,                20.2,         0,               9528,            71898,                25.97,                        50.11, Tablet        , Premium          , 4K        ,       237781,  501891, 311302,                     33,                  40,                0, Yes        , Yes             , Yes
       679, Shattered Glass 2     , Netflix     , Stand-Up Special, Comedy     , German    , Canada        , PG-13     ,         2018,             3,        ,         ,         162,        6.7,                  78,                 98,                  89.79,               99.8,                55.9,         5,             323892,             5862,                19.44,                       108.58, Gaming Console, Standard         , Full HD   ,       284909, 1767255, 498584,                     26,                  36,               13, No         , No              , No
       680, The Verdict 2         , HBO Max     , Series          , Thriller   , German    , United Kingdom, PG        ,         2018,             8,       2,       18,          55,        8.9,                  60,                 41,                  62.94,               37.2,                48.8,         2,             172871,            65699,                 7.12,                       114.88, Tablet        , Basic            , SD        ,        99199, 1333725, 136206,                    175,                   1,                2, No         , Yes             , No
       681, Zenith                , Peacock     , Documentary     , Drama      , Italian   , France        , TV-PG     ,         2024,            10,        ,         ,          81,        7.2,                  54,                 81,                  41.09,               24.8,                24.2,         0,             288639,            18081,                13.39,                       128.97, Smart TV      , Basic            , SD        ,       361136, 1063346,  79810,                     40,                  15,               14, No         , Yes             , Yes
       682, Neon Lights 4         , Amazon Prime, Documentary     , Horror     , Japanese  , India         , TV-G      ,         2018,             6,       1,        7,          84,        4.9,                  48,                 74,                  94.6 ,               16.2,                43.0,         1,             324930,            12412,                49.62,                       112.22, Mobile        , Premium          , Full HD   ,        56244, 1151335,  60929,                    180,                  27,                2, Yes        , No              , No
       683, Endgame 5             , Amazon Prime, Movie           , Drama      , Italian   , Canada        , PG-13     ,         2018,             1,        ,         ,         108,        6.3,                  23,                 36,                   8.19,               67.2,                60.7,         3,              45437,             3882,                 4.53,                       175.86, Mobile        , Basic            , HD        ,       297739, 1541523, 485097,                    165,                  28,                2, No         , Yes             , Yes
       684, Neon City             , HBO Max     , Stand-Up Special, Biography  , Japanese  , United States , TV-G      ,         2021,             7,        ,         ,         171,        5.8,                  53,                 69,                  36.34,               22.2,                88.3,         5,              93168,            18917,                48.92,                        84.08, Mobile        , Premium          , Full HD   ,       200757, 1730706,  13197,                     32,                  40,                2, No         , Yes             , Yes
       685, The Pursuit           , Hulu        , Mini-Series     , Documentary, French    , Japan         , R         ,         2020,             9,       1,        6,          32,        6.7,                  72,                 98,                  16.15,               31.0,                79.0,         5,             356195,            16543,                41.31,                       133.8 , Mobile        , Standard         , 4K        ,         2038, 1068363, 205522,                    112,                  25,               11, No         , Yes             , Yes
       686, Darkroom              , Paramount+  , Documentary     , Animation  , Italian   , Brazil        , TV-MA     ,         2024,             5,        ,         ,         104,        8.6,                  40,                 37,                  60.75,               47.2,                22.8,         0,             422721,            66880,                15.2 ,                       113.34, Tablet        , Basic            , HD        ,       123411,  656942, 453044,                     74,                  14,                9, Yes        , No              , No
       687, Threshold             , Disney+     , Movie           , Action     , Spanish   , France        , TV-PG     ,         2019,            10,        ,         ,         169,        8.1,                  40,                 75,                  24.47,              136.0,                21.3,         3,             345990,            90565,                13.86,                        56.97, Smart TV      , Basic            , SD        ,       351627, 1489617, 321114,                    131,                  13,                2, Yes        , No              , Yes
       688, The Last Kingdom      , Peacock     , Series          , Horror     , Hindi     , France        , TV-MA     ,         2023,             9,       3,       24,          55,        6.8,                  95,                 83,                  51.05,               54.7,                51.6,         0,             182093,            12889,                40.84,                       198.6 , Mobile        , Basic            , HD        ,       427437, 1841740, 194557,                     84,                  13,                8, Yes        , Yes             , Yes
       689, Neon City 5           , Netflix     , Mini-Series     , Crime      , Portuguese, Germany       , G         ,         2018,             8,       1,        4,          33,        7.9,                  84,                 79,                   5.12,               16.1,                32.7,         5,             105719,            13767,                29.75,                       110.38, Desktop       , Premium          , SD        ,        42088,  187722, 423418,                     75,                   3,                0, Yes        , No              , No
       690, Frequency 2           , Paramount+  , Movie           , Crime      , Italian   , Australia     , TV-PG     ,         2015,            12,        ,         ,          88,        8.9,                  69,                 49,                  72.28,               83.6,                73.3,         4,             393874,             6675,                36.1 ,                        52.04, Desktop       , Premium          , Full HD   ,       443283, 1334166, 244673,                    139,                  22,               11, Yes        , Yes             , Yes
       691, Fractured             , Apple TV+   , Series          , Romance    , Portuguese, India         , PG        ,         2015,             8,       3,       69,          55,        7.7,                  76,                 96,                  70.77,               33.9,                80.8,         4,             398696,             7371,                35.77,                        93.86, Laptop        , Basic            , 4K        ,        14462, 1158828, 361904,                    136,                   8,               15, Yes        , Yes             , Yes
       692, Lockdown              , Peacock     , Mini-Series     , Documentary, Italian   , United Kingdom, R         ,         2022,             6,       1,        4,          31,        6.5,                  73,                 43,                  85.48,               15.1,                82.3,         4,               7824,            88307,                36.15,                       110.03, Tablet        , Standard         , SD        ,         7773,  356021, 341495,                     70,                  19,                6, Yes        , Yes             , No
       693, The Prodigy 2         , Peacock     , Stand-Up Special, Drama      , German    , Canada        , TV-PG     ,         2023,             6,        ,         ,         133,        5.4,                  80,                 32,                  37.01,               67.2,                73.2,         0,             229077,            81231,                34.52,                        49.56, Tablet        , Premium          , HD        ,        46943,  675076,  28803,                     34,                  27,                9, Yes        , No              , Yes
       694, The Last Kingdom      , Netflix     , Series          , Thriller   , Japanese  , United States , TV-MA     ,         2017,             5,       4,       36,          56,        8.8,                  93,                 47,                  27.48,               50.1,                59.3,         1,              12365,             1339,                15.11,                        21.87, Laptop        , Premium          , SD        ,       426845,   32543, 165890,                     63,                   3,                4, Yes        , No              , Yes
       695, The Renegade          , Apple TV+   , Stand-Up Special, Sci-Fi     , Korean    , Germany       , R         ,         2018,            11,        ,         ,         153,        8.7,                  49,                 69,                  52.29,               27.9,                45.4,         0,             461616,            99752,                13.84,                        99.98, Tablet        , Basic            , 4K        ,       265111, 1720315, 423836,                    154,                  28,                3, No         , No              , Yes
       696, The Relic             , Amazon Prime, Series          , Animation  , Spanish   , Spain         , TV-G      ,         2020,             2,       3,       39,          59,        6.0,                  92,                 93,                  48.18,               30.0,                40.2,         3,             447784,            83819,                 2.33,                       134.45, Desktop       , Standard         , HD        ,       119106, 1540147, 200997,                      9,                  10,                9, No         , No              , No
       697, Nadir                 , Paramount+  , Documentary     , Action     , English   , France        , PG        ,         2022,             2,       1,        8,          71,        4.3,                  84,                 89,                  11.73,               36.5,                40.6,         5,             252017,            69672,                49.75,                       150.65, Laptop        , Premium          , SD        ,       113565,  204997, 255168,                     86,                  20,                7, Yes        , Yes             , No
       698, Frozen in Time        , HBO Max     , Stand-Up Special, Romance    , Italian   , Australia     , PG-13     ,         2021,             1,        ,         ,          95,        7.1,                  62,                 63,                  73.23,               46.6,                61.2,         1,             468452,            59096,                 9.34,                       103.48, Tablet        , Basic            , 4K        ,       218478,  898961, 131434,                     39,                   1,               14, No         , Yes             , Yes
       699, Borderline Cases      , Hulu        , Mini-Series     , Thriller   , Portuguese, Germany       , TV-G      ,         2021,            12,       1,        4,          41,        7.3,                  47,                 97,                  41.02,               28.1,                57.1,         0,             213090,            88057,                34.72,                       159.57, Desktop       , Premium          , 4K        ,       310072, 1424954, 122565,                     50,                   4,               10, No         , Yes             , No
       700, The Last Kingdom      , Netflix     , Stand-Up Special, Crime      , French    , Spain         , R         ,         2024,             7,        ,         ,         170,        4.5,                  61,                 87,                  40.82,               54.9,                20.7,         1,             357465,            86014,                36.91,                        82.59, Smart TV      , Premium          , 4K        ,       262294, 1248699, 462345,                    123,                  32,               10, No         , No              , Yes
       701, Crossfire             , Netflix     , Series          , Animation  , Korean    , India         , PG-13     ,         2022,             4,       7,       70,          51,        8.0,                  43,                 37,                  67.12,               21.3,                70.2,         3,              54152,            13948,                38.09,                       167.27, Tablet        , Premium          , 4K        ,       223358, 1272541,  63287,                    130,                   7,               13, Yes        , Yes             , No
       702, The Divide            , Apple TV+   , Movie           , Horror     , Korean    , Brazil        , TV-PG     ,         2024,             9,        ,         ,         104,        4.2,                  42,                 43,                  79.39,              100.0,                20.6,         4,             449041,            23484,                 9.4 ,                       179.75, Gaming Console, Standard         , SD        ,        50200, 1867579, 139544,                     52,                  26,                8, No         , Yes             , Yes
       703, Iron Fist             , Amazon Prime, Documentary     , Documentary, English   , South Korea   , PG        ,         2021,             4,        ,         ,          50,        8.9,                  21,                 34,                  27.74,               21.9,                34.4,         3,              96227,            33266,                45.85,                        75.66, Mobile        , Basic            , 4K        ,        83888, 1181218, 146096,                    118,                  28,                7, Yes        , Yes             , Yes
       704, Threshold             , Apple TV+   , Mini-Series     , Drama      , French    , France        , TV-14     ,         2016,            12,       1,        7,          37,        8.1,                  48,                 46,                  43.95,               18.5,                79.1,         1,             283596,            11404,                 8.05,                       114.73, Laptop        , Basic            , Full HD   ,       341999,  100255, 156491,                    149,                  28,                1, Yes        , No              , No
       705, Rising Sun            , Apple TV+   , Series          , Documentary, French    , Brazil        , TV-MA     ,         2020,             4,       8,      112,          59,        6.1,                  77,                 30,                  48.09,               39.0,                43.5,         0,             219517,            98065,                24.78,                        73.0 , Laptop        , Basic            , HD        ,        23430, 1144390,   5373,                    175,                   7,                5, Yes        , Yes             , Yes
       706, Nadir 4               , HBO Max     , Series          , Crime      , English   , Japan         , TV-MA     ,         2023,            10,       1,       24,          36,        5.0,                  40,                 74,                  90.93,               20.2,                33.5,         1,             128282,            46860,                 3.41,                        31.22, Tablet        , Premium          , Full HD   ,       180432, 1790033,  31141,                     34,                  40,                7, No         , No              , No
       707, Orbit                 , Netflix     , Series          , Sci-Fi     , Mandarin  , Brazil        , TV-MA     ,         2018,            10,       4,       52,          34,        8.8,                  57,                 61,                  37.5 ,               18.1,                53.3,         0,             425640,            70438,                 1.38,                       113.08, Gaming Console, Premium          , HD        ,        64248,  265023, 436035,                     73,                  18,                2, Yes        , Yes             , No
       708, Vertex                , Peacock     , Mini-Series     , Crime      , Mandarin  , Canada        , PG-13     ,         2015,             2,       1,        4,          37,        9.3,                  71,                 55,                   7.24,               25.1,                65.9,         2,              83913,             8593,                45.33,                        77.09, Desktop       , Standard         , SD        ,       296984,  426135, 472753,                    119,                  22,                3, Yes        , Yes             , No
       709, Rising Sun 3          , Amazon Prime, Documentary     , Romance    , Hindi     , Mexico        , TV-PG     ,         2017,             7,        ,         ,         105,        5.8,                  85,                 81,                  24.0 ,               24.3,                90.6,         5,              13319,            81370,                21.31,                        89.99, Mobile        , Basic            , SD        ,       299461, 1243903,  83025,                    173,                  35,                8, No         , Yes             , No
       710, Shadow Protocol 2     , Amazon Prime, Mini-Series     , Biography  , Hindi     , France        , TV-14     ,         2015,             6,       1,        3,          38,        5.2,                  37,                 42,                  55.32,               17.4,                38.5,         0,             271279,            57883,                24.28,                       118.46, Gaming Console, Basic            , Full HD   ,       244440, 1269851,  66515,                    100,                  17,                4, Yes        , Yes             , Yes
       711, Shutdown              , Apple TV+   , Stand-Up Special, Comedy     , Mandarin  , India         , G         ,         2019,             9,        ,         ,         136,        6.7,                  75,                 93,                  60.27,              115.4,                35.5,         1,             461702,            30733,                37.89,                       117.99, Desktop       , Standard         , Full HD   ,        50001,  750814, 457507,                    163,                   4,                5, No         , No              , No
       712, Crossfire             , Apple TV+   , Stand-Up Special, Romance    , Portuguese, Brazil        , R         ,         2023,             3,        ,         ,         174,        5.8,                  75,                 91,                  12.91,              140.4,                21.4,         4,             139526,            52153,                24.14,                       131.86, Mobile        , Standard         , Full HD   ,       484480,  454566, 452084,                    168,                  21,               11, Yes        , No              , Yes
       713, Stormfront 3          , Apple TV+   , Movie           , Comedy     , Portuguese, India         , TV-14     ,         2021,             3,        ,         ,         171,        8.9,                  58,                 87,                  16.43,               79.1,                65.9,         2,             461799,            23629,                32.32,                        18.58, Mobile        , Basic            , HD        ,       483474,  573727,  45722,                     78,                  37,                5, Yes        , Yes             , No
       714, Neon Lights 5         , Netflix     , Series          , Sci-Fi     , German    , United States , TV-MA     ,         2020,             1,       6,      114,          34,        5.0,                  81,                 66,                  61.5 ,               15.4,                38.1,         0,              26163,            96642,                38.02,                       115.2 , Mobile        , Standard         , HD        ,       282506, 1298629,  93142,                     39,                  11,                9, No         , Yes             , Yes
       715, Shockwave             , Netflix     , Movie           , Sci-Fi     , English   , Brazil        , PG-13     ,         2022,             8,        ,         ,         159,        4.2,                  71,                 65,                  38.08,              148.0,                78.4,         0,             248513,            57137,                43.52,                        78.49, Mobile        , Premium          , Full HD   ,         5462,   30981, 300134,                     88,                  15,               14, Yes        , Yes             , No
       716, Iron Fist 5           , Disney+     , Series          , Fantasy    , Spanish   , South Korea   , R         ,         2021,             2,       1,       14,          40,        7.9,                  75,                 68,                  13.12,               20.0,                27.7,         2,             144714,            37710,                 5.86,                       149.9 , Laptop        , Basic            , 4K        ,       246396, 1381058, 469121,                    104,                  34,               11, No         , No              , Yes
       717, Iron Fist             , Hulu        , Mini-Series     , Crime      , Korean    , India         , G         ,         2019,             7,       1,        3,          45,        5.8,                  63,                 42,                  48.65,               28.2,                97.8,         3,             324913,            80674,                28.25,                        34.9 , Gaming Console, Basic            , SD        ,       462579,  353889, 150496,                    148,                  15,               14, No         , No              , No
       718, Lost Signal           , Disney+     , Series          , Horror     , Japanese  , Germany       , TV-14     ,         2018,             9,       7,      168,          38,        6.5,                  21,                 51,                  34.16,               21.7,                61.8,         5,             118171,            49610,                42.11,                        27.79, Desktop       , Premium          , SD        ,       147308, 1443390, 245172,                     49,                  13,               13, No         , Yes             , Yes
       719, The Last Kingdom      , Hulu        , Stand-Up Special, Romance    , Japanese  , Spain         , TV-MA     ,         2017,             2,        ,         ,         125,        8.0,                  50,                 71,                  74.14,               81.4,                85.1,         0,             304900,            28884,                23.87,                        15.99, Gaming Console, Standard         , SD        ,       159813, 1025038, 443783,                    170,                  27,                3, No         , Yes             , No
       720, Deadlock City         , HBO Max     , Mini-Series     , Thriller   , Italian   , United States , TV-PG     ,         2021,             2,       1,        7,          54,        6.5,                  64,                 83,                  24.43,               31.1,                56.5,         5,             459716,            50816,                37.76,                        81.12, Smart TV      , Standard         , Full HD   ,       462612, 1455537,  45690,                    137,                  24,                1, Yes        , Yes             , No
       721, The Conspiracy Files  , Disney+     , Stand-Up Special, Comedy     , English   , Brazil        , TV-MA     ,         2020,             1,        ,         ,         164,        6.5,                  91,                 79,                   2.04,              160.5,                48.3,         3,              17441,            44231,                44.98,                        45.96, Mobile        , Standard         , Full HD   ,       479693,  890982, 310461,                    135,                  16,                6, Yes        , No              , No
       722, Breakdown             , Hulu        , Movie           , Sci-Fi     , Italian   , Mexico        , PG        ,         2023,             3,        ,         ,          98,        8.0,                  73,                 82,                  84.36,               54.5,                64.8,         2,             406900,            10653,                30.73,                       154.33, Laptop        , Premium          , 4K        ,       172591,  457342, 263402,                     89,                  39,                1, No         , No              , Yes
       723, Firestorm             , HBO Max     , Series          , Biography  , Portuguese, Mexico        , TV-G      ,         2021,             1,       6,       96,          23,        8.6,                  58,                 47,                  13.29,               15.9,                55.5,         2,             339692,            73535,                21.16,                       140.18, Smart TV      , Premium          , 4K        ,       358030, 1516945, 232155,                     12,                  27,               12, Yes        , Yes             , Yes
       724, Zenith 3              , Netflix     , Documentary     , Thriller   , Mandarin  , Canada        , PG-13     ,         2023,            10,       1,       10,         113,        9.1,                  82,                 45,                  53.42,               56.0,                45.2,         1,             405072,            30589,                23.21,                        91.78, Smart TV      , Premium          , 4K        ,       431202, 1741697, 161470,                    161,                  17,                5, No         , No              , Yes
       725, Neon City             , Hulu        , Movie           , Fantasy    , Hindi     , France        , TV-MA     ,         2024,            12,        ,         ,          77,        4.6,                  65,                 83,                  42.77,               76.6,                66.7,         0,             323449,            44561,                40.99,                        88.12, Smart TV      , Standard         , Full HD   ,       318428, 1112643,  85157,                     74,                  15,                8, Yes        , Yes             , Yes
       726, Axis                  , Amazon Prime, Documentary     , Biography  , Portuguese, United Kingdom, TV-PG     ,         2022,             9,       1,        7,          93,        9.2,                  54,                 58,                  64.42,               41.8,                70.3,         4,             452826,            99038,                37.94,                       184.27, Smart TV      , Standard         , Full HD   ,       462725, 1619937, 304578,                    190,                  10,                2, No         , Yes             , Yes
       727, Rising Sun            , Amazon Prime, Documentary     , Drama      , Mandarin  , India         , TV-PG     ,         2019,             1,        ,         ,          51,        5.1,                  85,                 99,                   3.08,               38.1,                87.6,         0,             238163,            20884,                20.14,                       105.97, Desktop       , Standard         , HD        ,       341509, 1824871, 403918,                     80,                  20,               10, Yes        , Yes             , No
       728, Vanishing Point       , Apple TV+   , Stand-Up Special, Action     , Italian   , Australia     , TV-MA     ,         2016,             2,        ,         ,         128,        7.0,                  74,                 44,                  68.36,              115.0,                50.0,         0,              89910,            61898,                20.34,                        26.92, Desktop       , Basic            , HD        ,       440804,   35212, 125895,                    164,                   8,               14, Yes        , Yes             , No
       729, Burning Bridges       , HBO Max     , Mini-Series     , Horror     , Hindi     , France        , TV-PG     ,         2017,            11,       1,        5,          40,        9.5,                  82,                 30,                   7.81,               15.3,                78.2,         5,             487821,            86212,                 7.17,                        32.88, Tablet        , Basic            , 4K        ,       312877,   39038, 307015,                     28,                  10,                7, No         , No              , Yes
       730, Midnight Sun 4        , Paramount+  , Documentary     , Biography  , English   , South Korea   , TV-PG     ,         2022,             1,       1,        5,          76,        6.1,                  37,                 69,                   4.09,               36.6,                74.5,         3,             134134,            65697,                37.71,                       140.13, Laptop        , Standard         , Full HD   ,       356392,   34217, 127449,                    107,                  18,                4, Yes        , No              , No
       731, Nightfall City        , Apple TV+   , Mini-Series     , Biography  , German    , Germany       , PG-13     ,         2018,             3,       1,        4,          43,        4.2,                  71,                 89,                  57.45,               32.5,                61.3,         2,             306869,             9658,                 6.51,                       116.5 , Desktop       , Standard         , HD        ,        70770, 1569807,  26485,                     70,                  12,               12, Yes        , Yes             , No
       732, Endgame               , Netflix     , Documentary     , Sci-Fi     , German    , United Kingdom, TV-G      ,         2024,            10,        ,         ,          67,        5.0,                  64,                 78,                  58.01,               45.7,                89.4,         4,             344616,            20227,                29.42,                       147.58, Gaming Console, Premium          , HD        ,       112948,  672481, 394010,                    146,                  31,               12, No         , No              , No
       733, Fallout 5             , Netflix     , Mini-Series     , Comedy     , Hindi     , Japan         , PG-13     ,         2015,             9,       1,        5,          58,        7.3,                  51,                 42,                  31.17,               40.9,                78.2,         4,              44374,            20284,                49.55,                        80.79, Smart TV      , Basic            , SD        ,       151880,  623983,  26051,                    172,                  30,               12, Yes        , Yes             , No
       734, Threshold             , Hulu        , Movie           , Horror     , Mandarin  , United Kingdom, R         ,         2019,             2,        ,         ,          77,        5.1,                  93,                 93,                  30.6 ,               70.9,                85.8,         3,              69413,             4347,                29.59,                       108.26, Gaming Console, Standard         , 4K        ,       155827,  335159, 389179,                    175,                   9,                9, Yes        , No              , Yes
       735, Shadow Protocol       , Hulu        , Mini-Series     , Thriller   , English   , Canada        , TV-G      ,         2021,             7,       1,        7,          60,        8.4,                  99,                 63,                  53.12,               42.9,                29.8,         4,             492917,            71460,                46.06,                       195.81, Smart TV      , Premium          , Full HD   ,       210970, 1119870,  69063,                      6,                   6,               15, No         , Yes             , Yes
       736, Rising Sun            , Peacock     , Movie           , Animation  , German    , Canada        , TV-14     ,         2022,             3,        ,         ,         171,        8.2,                  57,                 30,                  29.48,              139.1,                44.0,         2,              63185,            93168,                 8.21,                        45.49, Smart TV      , Premium          , HD        ,       252841, 1385218, 324372,                     85,                  26,                3, Yes        , Yes             , No
       737, The Great Escape      , Disney+     , Movie           , Documentary, Japanese  , United States , R         ,         2021,             2,        ,         ,         171,        7.2,                  42,                 35,                  14.01,               67.0,                68.5,         4,             313325,            94664,                 3.6 ,                        40.06, Laptop        , Basic            , HD        ,       241024,   84646,  99560,                     81,                  12,                9, No         , No              , No
       738, The Heist             , Netflix     , Mini-Series     , Documentary, German    , United States , TV-G      ,         2023,             7,       1,        4,          54,        5.2,                  28,                 30,                  65.75,               33.3,                45.1,         4,              37377,            61763,                31.51,                       195.5 , Gaming Console, Premium          , Full HD   ,        47145, 1013698, 364430,                     66,                  11,               11, Yes        , No              , No
       739, Flashpoint 4          , Netflix     , Stand-Up Special, Comedy     , Portuguese, France        , G         ,         2020,             6,        ,         ,         144,        8.1,                  32,                 71,                  85.05,               73.3,                41.2,         4,             205730,            87697,                18.32,                       120.65, Smart TV      , Standard         , SD        ,       339061, 1031682, 430585,                    126,                   1,                1, No         , Yes             , Yes
       740, Spectrum              , HBO Max     , Mini-Series     , Horror     , Spanish   , Brazil        , TV-MA     ,         2015,             4,       1,        7,          59,        8.3,                  89,                 49,                  17.01,               50.4,                21.9,         1,             308578,            50150,                19.71,                        32.48, Gaming Console, Premium          , SD        ,       125117, 1077494, 194912,                    144,                  36,               12, No         , Yes             , No
       741, Undertow              , Disney+     , Documentary     , Romance    , French    , Canada        , TV-14     ,         2016,             7,        ,         ,         100,        7.9,                  46,                 56,                  68.65,               44.1,                52.6,         1,              29094,            24887,                30.26,                        93.95, Tablet        , Basic            , SD        ,       399603, 1612016, 440638,                    115,                  32,                1, No         , Yes             , Yes
       742, Crimson Tide          , Amazon Prime, Stand-Up Special, Biography  , Mandarin  , United Kingdom, TV-MA     ,         2018,             2,        ,         ,          86,        5.1,                  38,                 79,                  36.03,               21.8,                61.9,         4,             177473,            73515,                 2.4 ,                        33.02, Laptop        , Basic            , HD        ,       345104,  250300,  58435,                    157,                  26,                1, No         , No              , Yes
       743, Vanishing Point 3     , Paramount+  , Movie           , Documentary, Italian   , Japan         , TV-14     ,         2019,             5,        ,         ,         136,        8.0,                  27,                 98,                  64.53,               97.1,                30.7,         5,             469447,            25780,                 4.04,                       150.27, Tablet        , Standard         , SD        ,       431473, 1295272, 300057,                     91,                  16,                8, No         , No              , No
       744, Broken Chains 5       , Disney+     , Series          , Romance    , Mandarin  , Germany       , G         ,         2020,             4,       1,       10,          46,        4.4,                  88,                 68,                   1.66,               26.6,                83.4,         3,               3113,            28322,                45.35,                       103.63, Smart TV      , Standard         , SD        ,       206289,  496084,  21783,                    106,                  26,                7, No         , Yes             , No
       745, Crimson Tide 2        , Peacock     , Mini-Series     , Drama      , Mandarin  , Brazil        , PG        ,         2015,             4,       1,        7,          31,        7.3,                  41,                 37,                  76.54,               18.8,                22.2,         2,              70912,             3054,                30.44,                        68.12, Gaming Console, Basic            , 4K        ,       396923,  778200, 298027,                    124,                  39,               11, Yes        , Yes             , Yes
       746, Neon Lights 5         , Netflix     , Series          , Documentary, Japanese  , Spain         , TV-MA     ,         2020,             5,       5,      120,          30,        4.2,                  56,                 66,                  65.91,               28.9,                37.6,         0,              65198,            73064,                 0.86,                       112.43, Gaming Console, Premium          , 4K        ,       182429, 1319733, 183715,                    140,                  14,                9, No         , No              , No
       747, The Wanderer 3        , Apple TV+   , Series          , Comedy     , Italian   , Canada        , TV-G      ,         2015,             6,       7,      126,          22,        5.3,                  72,                 43,                  77.05,               20.9,                44.1,         3,              15982,            58673,                 0.57,                        90.06, Gaming Console, Basic            , 4K        ,       472851, 1932637, 212925,                      9,                   9,                6, No         , Yes             , No
       748, Deadlock City         , Amazon Prime, Mini-Series     , Thriller   , English   , United Kingdom, TV-G      ,         2018,            11,       1,        8,          50,        9.2,                  74,                 93,                  76.87,               26.1,                24.2,         4,             230706,            74983,                 3.14,                        26.23, Tablet        , Standard         , SD        ,       109725,  514520, 309722,                     88,                  20,               14, No         , Yes             , No
       749, Rising Tide           , Apple TV+   , Series          , Comedy     , Japanese  , Mexico        , TV-G      ,         2024,             1,       6,      120,          29,        7.1,                  30,                 97,                  60.57,               22.4,                53.9,         5,             491115,            39366,                42.39,                        81.22, Mobile        , Standard         , Full HD   ,       203653, 1856445,  64526,                    146,                  16,                6, No         , No              , No
       750, Uprising              , Paramount+  , Documentary     , Animation  , English   , France        , TV-G      ,         2015,             3,       1,        8,         105,        8.4,                  31,                 99,                  25.28,               92.0,                82.8,         0,             295521,            24328,                 8.24,                       120.89, Laptop        , Standard         , HD        ,       113827,  397832, 445816,                     41,                  39,               15, Yes        , Yes             , Yes
       751, Endgame               , Peacock     , Mini-Series     , Horror     , English   , India         , PG-13     ,         2020,             4,       1,        4,          56,        6.2,                  78,                 78,                  58.68,               39.3,                34.6,         1,             230317,            62049,                45.93,                       124.58, Gaming Console, Basic            , HD        ,       378024, 1121903, 454812,                     91,                  10,                1, Yes        , Yes             , Yes
       752, Dark Waters           , HBO Max     , Movie           , Comedy     , German    , Canada        , R         ,         2018,             3,        ,         ,         141,        5.5,                  37,                 57,                  91.35,               77.3,                25.5,         4,             275393,            19575,                44.48,                         2.31, Gaming Console, Standard         , Full HD   ,       429902,  673458, 451955,                     26,                  22,                8, No         , Yes             , No
       753, Shadow Protocol       , Paramount+  , Mini-Series     , Sci-Fi     , Mandarin  , Mexico        , PG        ,         2018,             9,       1,        4,          33,        4.2,                  70,                 66,                  93.55,               18.8,                32.1,         3,             327898,            94988,                38.97,                       182.77, Laptop        , Standard         , 4K        ,       244820,  458000, 106834,                     24,                  27,                1, No         , No              , No
       754, Catalyst              , Paramount+  , Movie           , Thriller   , Portuguese, France        , G         ,         2018,             7,        ,         ,         177,        4.2,                  98,                 70,                  16.18,               96.6,                43.7,         5,             150818,            11116,                36.41,                         8.0 , Laptop        , Premium          , Full HD   ,       381692,  112603,  69360,                    131,                  18,                0, No         , No              , No
       755, Deadlock City 5       , Peacock     , Series          , Romance    , Mandarin  , United States , TV-PG     ,         2017,             1,       1,       13,          47,        5.1,                  85,                 75,                  60.29,               40.4,                93.6,         2,             495905,            53952,                36.46,                        56.9 , Laptop        , Standard         , Full HD   ,       312007, 1018689, 338536,                    155,                  14,                3, Yes        , No              , No
       756, Horizon               , Amazon Prime, Mini-Series     , Crime      , Portuguese, Germany       , G         ,         2024,            12,       1,        7,          58,        5.7,                  60,                 31,                  82.36,               40.7,                82.4,         1,              74932,            54649,                38.77,                        87.59, Mobile        , Basic            , HD        ,       390802,  466573, 309590,                     70,                  25,                3, Yes        , Yes             , Yes
       757, Reboot                , Amazon Prime, Movie           , Romance    , Mandarin  , Japan         , TV-14     ,         2018,             5,        ,         ,          77,        4.0,                  29,                 53,                  65.11,               42.1,                74.5,         1,              72074,            25311,                40.84,                       194.45, Gaming Console, Standard         , 4K        ,       157426,  362120, 433444,                    168,                  11,               10, No         , No              , No
       758, The Inheritance       , Disney+     , Series          , Thriller   , Italian   , Brazil        , TV-G      ,         2015,             6,       5,       40,          46,        6.9,                  69,                 39,                  93.81,               21.2,                76.4,         4,             336820,            48506,                20.07,                        93.77, Desktop       , Premium          , Full HD   ,       205264,   51483, 394818,                    178,                  21,               13, No         , No              , No
       759, Burning Bridges       , Hulu        , Movie           , Crime      , Italian   , India         , R         ,         2021,             2,        ,         ,          81,        8.6,                  27,                 48,                  39.69,               40.4,                30.3,         0,             219516,            42290,                17.85,                        64.07, Laptop        , Premium          , 4K        ,       498691,  582653, 173310,                    132,                  34,               12, No         , No              , No
       760, Nightfall City        , Disney+     , Mini-Series     , Documentary, German    , Japan         , G         ,         2015,             1,       1,        6,          46,        6.5,                  86,                 83,                  76.81,               41.5,                42.7,         0,             187387,             9344,                20.77,                        70.9 , Tablet        , Basic            , HD        ,        91865, 1870285, 134588,                     82,                  17,                2, No         , No              , Yes
       761, Vanishing Point       , Hulu        , Series          , Animation  , German    , Brazil        , TV-PG     ,         2015,             9,       4,       64,          52,        8.8,                  28,                 87,                   1.99,               24.1,                35.1,         4,             156394,            35098,                 7.74,                        42.83, Gaming Console, Standard         , SD        ,        90939,   94937, 418031,                    182,                  22,                1, Yes        , Yes             , No
       762, Nexus 4               , Netflix     , Stand-Up Special, Sci-Fi     , Spanish   , Canada        , TV-G      ,         2024,             8,        ,         ,         180,        8.9,                  82,                 47,                  79.88,               70.5,                31.9,         2,              57417,            27491,                18.16,                       122.07, Desktop       , Basic            , Full HD   ,       166654, 1917679,  22154,                    123,                  14,               11, No         , No              , No
       763, The Pursuit of Truth  , Netflix     , Stand-Up Special, Romance    , Italian   , Australia     , R         ,         2024,             5,        ,         ,         161,        4.1,                  63,                 35,                  13.42,              158.5,                20.1,         5,             323481,            32895,                13.55,                       130.31, Smart TV      , Basic            , SD        ,       185529, 1911334, 278116,                    158,                   9,               10, No         , Yes             , No
       764, Burning Bridges       , Disney+     , Movie           , Thriller   , Spanish   , Canada        , TV-G      ,         2022,             8,        ,         ,         111,        6.9,                  78,                 76,                  57.96,              106.7,                28.9,         2,              34966,            67303,                44.97,                       147.69, Gaming Console, Premium          , HD        ,       105676,    7845, 262605,                    138,                   9,               10, No         , No              , Yes
       765, Firestorm             , Hulu        , Series          , Action     , German    , United States , TV-14     ,         2023,             7,       5,       55,          51,        6.3,                  81,                 67,                  88.18,               22.6,                86.2,         3,             100909,            91723,                 0.17,                        80.87, Desktop       , Basic            , SD        ,       194838,  193609, 425712,                    140,                   6,               14, Yes        , No              , Yes
       766, The Renegade          , Apple TV+   , Stand-Up Special, Horror     , German    , Canada        , G         ,         2021,             3,        ,         ,         105,        4.7,                  38,                 58,                  62.14,               25.7,                68.7,         4,              14142,            19857,                44.2 ,                        45.99, Gaming Console, Premium          , SD        ,        18878, 1485784, 426020,                    114,                  21,                8, No         , Yes             , No
       767, Signal                , Paramount+  , Stand-Up Special, Romance    , Korean    , United Kingdom, TV-G      ,         2021,             8,        ,         ,         115,        5.7,                  95,                 97,                   7.44,               96.9,                87.5,         4,             327320,            89848,                 2.04,                        90.76, Mobile        , Standard         , SD        ,       184988, 1223128,  33984,                     87,                  32,                1, No         , No              , No
       768, Starfall              , Hulu        , Stand-Up Special, Horror     , Portuguese, Brazil        , TV-G      ,         2021,             4,        ,         ,         142,        4.1,                  39,                 32,                  65.13,               65.6,                31.8,         4,             209268,            89293,                 5.48,                        23.35, Gaming Console, Premium          , SD        ,       331418, 1782101, 174985,                     27,                  36,                3, Yes        , No              , Yes
       769, The Pursuit of Truth  , Netflix     , Documentary     , Drama      , German    , Germany       , G         ,         2016,             1,        ,         ,         120,        4.7,                  81,                 48,                  56.04,               30.1,                63.2,         1,             117390,            36031,                45.27,                       102.52, Laptop        , Premium          , Full HD   ,       318540, 1891983, 238100,                     16,                  16,               10, Yes        , No              , No
       770, Borderline            , Peacock     , Stand-Up Special, Biography  , Hindi     , South Korea   , TV-14     ,         2020,            12,        ,         ,         132,        4.1,                  82,                 86,                  22.51,               26.9,                33.3,         5,             471228,            28576,                 5.05,                        66.19, Gaming Console, Basic            , Full HD   ,       230725, 1418024, 474526,                     13,                  23,                4, Yes        , No              , Yes
       771, Hollow Ground Zero    , HBO Max     , Mini-Series     , Drama      , Korean    , France        , R         ,         2016,             2,       1,        5,          32,        5.7,                  81,                 36,                  61.92,               26.9,                78.7,         1,             339831,            42297,                42.55,                        40.09, Desktop       , Standard         , SD        ,       170076, 1316661, 393253,                    105,                  35,                2, Yes        , No              , No
       772, Countdown             , Netflix     , Series          , Thriller   , Korean    , Australia     , TV-MA     ,         2020,             7,       5,       70,          48,        9.4,                  93,                 67,                   2.45,               40.1,                38.1,         3,             380438,            56003,                47.69,                       162.97, Smart TV      , Standard         , HD        ,       491639,  282612, 321480,                     86,                  31,                6, No         , Yes             , Yes
       773, Deadlock              , Paramount+  , Mini-Series     , Documentary, French    , Canada        , PG-13     ,         2022,             4,       1,        3,          46,        6.2,                  91,                 56,                  67.54,               19.2,                84.7,         2,             293187,            48272,                46.09,                       132.55, Gaming Console, Basic            , HD        ,       118874,  367207, 157341,                     28,                  25,               11, Yes        , No              , No
       774, Undertow              , Peacock     , Documentary     , Drama      , Italian   , South Korea   , TV-MA     ,         2019,             7,        ,         ,          77,        6.1,                  35,                 74,                  70.61,               50.5,                62.5,         5,              43165,            82196,                24.38,                       148.27, Desktop       , Basic            , 4K        ,        33416,  926943,   1550,                     91,                   1,                5, Yes        , Yes             , Yes
       775, The Wanderer          , Amazon Prime, Mini-Series     , Comedy     , Hindi     , Japan         , TV-MA     ,         2022,             7,       1,        8,          58,        4.3,                  95,                 62,                  77.66,               23.7,                58.0,         3,             150890,             3385,                36.81,                        26.13, Gaming Console, Basic            , 4K        ,       151367, 1393527, 333940,                     66,                  13,                0, Yes        , No              , No
       776, Nexus 5               , Disney+     , Movie           , Animation  , Hindi     , Germany       , TV-PG     ,         2022,             8,        ,         ,          90,        7.3,                  68,                 83,                  39.38,               86.4,                20.1,         2,             391436,            51662,                45.77,                        55.94, Smart TV      , Basic            , HD        ,        70115, 1426266, 366460,                     61,                  18,                1, Yes        , Yes             , No
       777, Iron Fist             , Peacock     , Documentary     , Romance    , Mandarin  , Mexico        , G         ,         2016,             8,        ,         ,          54,        5.8,                  58,                 65,                  77.37,               19.7,                42.9,         4,              86090,            27694,                12.3 ,                       171.74, Smart TV      , Standard         , Full HD   ,       446463,  829424, 476045,                     97,                  28,                9, Yes        , No              , Yes
       778, The Reckoning         , Hulu        , Documentary     , Action     , German    , South Korea   , PG        ,         2024,            10,        ,         ,          93,        8.9,                  62,                 75,                  55.39,               27.3,                34.3,         5,             229990,            49234,                42.55,                        52.91, Smart TV      , Standard         , SD        ,        13852,  453780, 486179,                    145,                  21,                0, Yes        , No              , No
       779, The Inheritance       , Hulu        , Mini-Series     , Horror     , Korean    , Brazil        , TV-PG     ,         2022,             3,       1,        4,          47,        9.0,                  49,                 30,                  28.64,               39.2,                94.6,         0,             132482,            47342,                13.84,                       146.38, Gaming Console, Basic            , Full HD   ,       360045, 1011350, 153317,                    153,                  13,                4, No         , Yes             , Yes
       780, Rising Tide           , Paramount+  , Stand-Up Special, Animation  , Italian   , Canada        , TV-14     ,         2018,             2,        ,         ,          92,        8.8,                  21,                 67,                   1.43,               39.8,                39.0,         3,             341118,            57074,                21.28,                       103.01, Smart TV      , Premium          , Full HD   ,       263267,  108309,  31349,                     30,                  35,               15, Yes        , Yes             , No
       781, Fractured             , Apple TV+   , Movie           , Comedy     , Korean    , South Korea   , TV-PG     ,         2022,             9,        ,         ,         127,        4.9,                  33,                 31,                  46.21,               76.4,                62.8,         0,              23769,            80627,                33.59,                       126.36, Tablet        , Standard         , Full HD   ,        67617,  693562, 398985,                    121,                   4,               13, Yes        , Yes             , No
       782, Wavelength            , Hulu        , Series          , Biography  , Spanish   , France        , TV-MA     ,         2017,            12,       4,       24,          47,        4.2,                  43,                 54,                   5.25,               45.7,                53.7,         2,             339231,            90620,                47.12,                       182.04, Smart TV      , Premium          , Full HD   ,       480042, 1742712,  72417,                     48,                  19,                3, Yes        , No              , Yes
       783, Neon City             , Paramount+  , Movie           , Comedy     , Japanese  , United Kingdom, TV-MA     ,         2020,            12,        ,         ,         150,        7.1,                  22,                 42,                  93.4 ,               69.2,                89.6,         1,             445018,            97017,                25.99,                        26.18, Mobile        , Standard         , SD        ,        16568,  670173, 121701,                    155,                   9,                5, Yes        , Yes             , No
       784, The Renegade 2        , Amazon Prime, Stand-Up Special, Drama      , Spanish   , United Kingdom, R         ,         2019,             9,        ,         ,         114,        5.1,                  93,                 42,                  18.36,               78.5,                48.4,         4,             198617,            15301,                39.84,                        32.09, Gaming Console, Premium          , Full HD   ,       175967, 1745777, 450854,                    110,                  19,               10, Yes        , Yes             , No
       785, The Prodigy           , HBO Max     , Mini-Series     , Crime      , Italian   , Germany       , G         ,         2017,             5,       1,        7,          46,        6.4,                  44,                 64,                  16.6 ,               16.7,                83.2,         2,             129770,            57313,                37.53,                       127.51, Laptop        , Premium          , HD        ,       145135, 1388144, 300347,                    145,                  24,                5, No         , Yes             , No
       786, The Wanderer          , Amazon Prime, Mini-Series     , Biography  , French    , Germany       , TV-PG     ,         2020,             6,       1,        7,          57,        4.4,                  82,                 79,                  91.25,               30.5,                39.2,         5,             267857,             7940,                31.0 ,                        83.6 , Tablet        , Basic            , Full HD   ,       247897, 1641658, 193720,                     61,                  16,               12, No         , Yes             , No
       787, Shattered             , HBO Max     , Documentary     , Sci-Fi     , Japanese  , Australia     , R         ,         2020,             4,        ,         ,          61,        8.2,                  93,                 73,                  71.08,               22.1,                35.8,         5,             395826,            50889,                24.72,                       118.68, Tablet        , Basic            , Full HD   ,       248992,  171639,  82141,                    169,                  30,               13, Yes        , Yes             , No
       788, The Confession        , HBO Max     , Documentary     , Animation  , Japanese  , Brazil        , TV-PG     ,         2018,            11,       1,        7,          57,        6.2,                  88,                 48,                  28.19,               34.8,                69.8,         4,             318986,            98572,                44.48,                       109.5 , Gaming Console, Basic            , 4K        ,        50476,  743508, 451130,                     62,                  33,                2, Yes        , No              , Yes
       789, Gridlock              , Netflix     , Series          , Drama      , Italian   , South Korea   , TV-G      ,         2017,             7,       1,       21,          32,        8.3,                  20,                 42,                  26.09,               25.4,                83.5,         4,             473870,            93268,                 1.0 ,                       179.3 , Laptop        , Premium          , Full HD   ,       300907,  436321,  61784,                     38,                   8,                9, No         , Yes             , No
       790, Axis                  , Peacock     , Series          , Romance    , Korean    , India         , PG-13     ,         2021,            12,       5,       85,          47,        5.1,                  44,                 43,                  43.75,               38.9,                65.6,         4,             330620,            39396,                 0.62,                        79.38, Desktop       , Standard         , SD        ,       350153,  230445,  95179,                    169,                  27,               12, No         , No              , Yes
       791, Countdown             , Netflix     , Documentary     , Fantasy    , Portuguese, South Korea   , R         ,         2020,             4,       1,        1,          58,        9.3,                  33,                 51,                  33.31,               48.3,                22.1,         3,             406884,            94164,                12.38,                       120.53, Gaming Console, Premium          , SD        ,       399252, 1582087,  42636,                     54,                  15,                7, No         , No              , Yes
       792, The Conspiracy Files  , Peacock     , Documentary     , Fantasy    , Hindi     , Australia     , TV-MA     ,         2023,             2,        ,         ,          50,        8.5,                  89,                 63,                   8.51,               17.2,                25.6,         3,             258801,            78708,                10.86,                        15.25, Tablet        , Premium          , SD        ,        54434,  839918,   5474,                     77,                  38,                2, Yes        , Yes             , No
       793, Blackout              , Disney+     , Movie           , Action     , Portuguese, Brazil        , TV-PG     ,         2021,             2,        ,         ,         126,        9.0,                  24,                 39,                  83.25,               81.8,                39.2,         1,              63959,            26289,                12.93,                       179.12, Tablet        , Standard         , Full HD   ,       465699,  327122,  31422,                     58,                  21,                6, Yes        , No              , Yes
       794, Overload              , Amazon Prime, Documentary     , Crime      , Spanish   , South Korea   , TV-PG     ,         2015,             2,        ,         ,         106,        4.5,                  31,                 93,                  11.11,               94.8,                81.0,         0,             305642,            89370,                15.51,                       169.6 , Smart TV      , Basic            , Full HD   ,       475166,  973032, 350762,                      6,                  11,                2, No         , Yes             , Yes
       795, Cold Case Files       , Paramount+  , Mini-Series     , Romance    , French    , Spain         , PG        ,         2024,             4,       1,        6,          45,        8.7,                  67,                 92,                  36.22,               40.8,                34.6,         0,             125222,            72628,                39.44,                        16.4 , Gaming Console, Standard         , Full HD   ,       322312,  233300, 344792,                    102,                   8,                9, Yes        , Yes             , Yes
       796, Ember Falls           , Netflix     , Movie           , Biography  , Hindi     , United Kingdom, TV-14     ,         2018,             6,        ,         ,          81,        6.3,                  75,                 53,                  36.97,               41.8,                39.8,         2,             176755,            21917,                49.92,                        35.51, Gaming Console, Standard         , Full HD   ,       468460,  157495,   1067,                     40,                  24,                9, No         , Yes             , No
       797, Deadfall              , HBO Max     , Stand-Up Special, Animation  , Japanese  , Germany       , TV-PG     ,         2024,             5,        ,         ,         139,        7.1,                  96,                 58,                  93.21,               18.8,                28.3,         5,             367398,            95744,                17.07,                        90.56, Gaming Console, Standard         , HD        ,       191740,  763592, 408061,                    134,                  19,                4, Yes        , No              , Yes
       798, Darkroom Files 5      , Disney+     , Mini-Series     , Sci-Fi     , Japanese  , United States , TV-MA     ,         2021,             1,       1,        6,          30,        7.6,                  30,                 67,                  81.62,               24.8,                41.4,         1,               2670,            49554,                25.49,                       191.17, Laptop        , Basic            , Full HD   ,        21296, 1651509, 367238,                    136,                  29,                3, Yes        , Yes             , No
       799, Broken Chains         , Netflix     , Mini-Series     , Comedy     , Italian   , India         , PG-13     ,         2015,             8,       1,        6,          35,        5.1,                  34,                 45,                  33.43,               30.9,                32.6,         1,              74881,            72379,                 7.45,                        35.41, Mobile        , Standard         , SD        ,       281094,  582516, 246971,                     88,                  10,                6, No         , No              , Yes
       800, The Last Kingdom      , Netflix     , Stand-Up Special, Horror     , Italian   , Canada        , PG        ,         2018,             6,        ,         ,         175,        4.6,                  34,                 61,                  33.03,               19.8,                86.5,         2,             101837,            41770,                48.36,                       188.76, Mobile        , Basic            , HD        ,       484248, 1731596,   4023,                    116,                  19,                3, No         , No              , Yes
       801, Blowback              , Hulu        , Movie           , Action     , Portuguese, United States , PG        ,         2015,             5,        ,         ,          88,        7.4,                  62,                 61,                  28.69,               59.8,                88.0,         1,             412427,            99891,                25.55,                       181.32, Gaming Console, Standard         , Full HD   ,       246219, 1165424, 214963,                    121,                  19,                4, Yes        , Yes             , Yes
       802, Breakdown             , Hulu        , Movie           , Sci-Fi     , Hindi     , France        , TV-G      ,         2023,            11,        ,         ,         165,        9.3,                  49,                 89,                  53.08,              131.0,                72.1,         0,             116349,            86593,                31.05,                       181.03, Laptop        , Standard         , HD        ,       431024, 1511090, 211034,                    157,                  37,                0, No         , No              , No
       803, The Informant         , Apple TV+   , Stand-Up Special, Crime      , Korean    , Mexico        , G         ,         2023,             5,        ,         ,          98,        7.2,                  20,                 83,                  57.3 ,               50.7,                69.7,         5,             156257,            47092,                44.7 ,                       104.2 , Desktop       , Standard         , SD        ,       197844,  139933, 381632,                     17,                  25,               10, No         , No              , Yes
       804, Phantom Signal        , HBO Max     , Mini-Series     , Documentary, English   , United Kingdom, TV-PG     ,         2020,             3,       1,        6,          43,        4.5,                  48,                 83,                  63.1 ,               16.9,                65.8,         4,              30716,            18351,                17.92,                       127.19, Desktop       , Standard         , HD        ,       251137, 1516101, 208922,                    162,                  40,                5, No         , No              , No
       805, The Witness           , Paramount+  , Series          , Romance    , English   , Brazil        , TV-MA     ,         2017,             4,       3,       42,          33,        5.2,                  85,                 30,                  72.87,               19.9,                55.4,         1,             161383,            14497,                36.02,                        68.73, Laptop        , Premium          , SD        ,       171821, 1121189, 177238,                     85,                  30,                9, Yes        , No              , Yes
       806, Spectrum              , Peacock     , Movie           , Action     , Korean    , India         , TV-14     ,         2022,             1,        ,         ,         105,        9.5,                  47,                 58,                  62.46,               70.9,                46.4,         4,             152628,            47033,                 9.11,                        44.84, Smart TV      , Standard         , HD        ,       275490,  811435, 118687,                     16,                  18,                0, Yes        , No              , No
       807, The Prodigy           , Amazon Prime, Documentary     , Action     , Spanish   , Spain         , TV-MA     ,         2017,            10,       1,        3,          48,        5.7,                  72,                 89,                  51.5 ,               40.4,                90.6,         2,             358873,            31554,                29.54,                       180.02, Laptop        , Premium          , HD        ,       249002, 1800374, 437377,                      6,                  26,                7, Yes        , No              , Yes
       808, Wildfire 3            , Disney+     , Stand-Up Special, Drama      , Korean    , Brazil        , TV-14     ,         2015,             3,        ,         ,          94,        4.2,                  32,                 36,                  10.18,               33.9,                39.0,         2,             324531,            29582,                24.5 ,                        97.7 , Desktop       , Basic            , SD        ,        30529, 1355127,  11375,                     52,                  38,               10, No         , Yes             , No
       809, Vanishing Point 4     , Peacock     , Mini-Series     , Biography  , Italian   , United Kingdom, TV-14     ,         2020,            10,       1,        5,          30,        8.0,                  94,                 48,                  21.63,               19.3,                80.8,         5,             421423,            28468,                 6.88,                        47.25, Laptop        , Premium          , 4K        ,       244092, 1921194, 409919,                    141,                   5,                9, No         , No              , No
       810, Shattered             , Hulu        , Documentary     , Drama      , Spanish   , Canada        , TV-MA     ,         2020,             4,       1,        2,         102,        9.4,                  74,                 83,                  67.62,               44.6,                46.9,         5,             246903,            84948,                44.82,                        83.91, Mobile        , Basic            , HD        ,       290387,  181588, 430642,                    184,                  21,               15, Yes        , No              , Yes
       811, Pulse                 , Netflix     , Series          , Action     , Hindi     , United Kingdom, PG        ,         2021,             8,       8,       48,          46,        7.5,                  81,                 84,                  19.51,               22.6,                31.8,         5,             254958,            16135,                26.98,                       117.36, Smart TV      , Basic            , 4K        ,       429303, 1333383, 270970,                    189,                  19,               11, No         , Yes             , No
       812, Parallel Lives 3      , HBO Max     , Series          , Drama      , English   , United States , R         ,         2022,             6,       4,       96,          56,        7.1,                  39,                 61,                  66.82,               18.0,                31.2,         3,             180658,            78569,                32.95,                       100.69, Laptop        , Standard         , HD        ,        66534, 1004106, 395829,                    142,                  17,                3, No         , Yes             , No
       813, Broken Chains         , Amazon Prime, Mini-Series     , Thriller   , Portuguese, India         , G         ,         2016,             2,       1,        5,          51,        8.8,                  69,                 75,                  15.63,               30.4,                42.8,         3,             233369,            28878,                43.58,                        74.08, Mobile        , Standard         , HD        ,       146667,  662637, 494448,                     93,                  15,                7, No         , No              , No
       814, The Conspiracy        , Peacock     , Stand-Up Special, Documentary, German    , Japan         , TV-G      ,         2023,             5,        ,         ,         150,        6.3,                  41,                 65,                  77.36,               93.0,                75.2,         0,              11366,            40216,                20.37,                        28.05, Smart TV      , Standard         , HD        ,       297574,  878401, 171447,                    103,                  35,               10, Yes        , Yes             , Yes
       815, Silent Echo           , Paramount+  , Documentary     , Biography  , Italian   , India         , R         ,         2020,            12,       1,       10,         101,        7.2,                  47,                 62,                  65.09,               38.2,                30.8,         1,             301742,            14450,                15.09,                       173.8 , Gaming Console, Standard         , SD        ,        97591,  309103, 412845,                     55,                  19,               15, No         , Yes             , No
       816, The Informant         , Paramount+  , Series          , Romance    , Spanish   , Brazil        , TV-MA     ,         2015,             8,       1,       12,          36,        7.6,                  87,                 47,                   8.98,               24.5,                73.1,         1,             405888,            31852,                 9.69,                       129.2 , Mobile        , Premium          , SD        ,       485784, 1189994, 366338,                    185,                  18,               10, Yes        , No              , No
       817, The Wanderer          , Paramount+  , Movie           , Sci-Fi     , Hindi     , Germany       , R         ,         2017,             9,        ,         ,         129,        5.1,                  34,                 38,                  93.9 ,              115.7,                84.4,         0,             430810,             6423,                44.57,                       144.15, Desktop       , Standard         , Full HD   ,        66372,  813162, 428409,                     69,                  35,                6, Yes        , Yes             , No
       818, Rising Sun            , Peacock     , Movie           , Animation  , French    , Mexico        , TV-PG     ,         2022,            12,        ,         ,         169,        7.5,                  46,                 78,                   0.93,               66.7,                72.8,         4,             480957,            37491,                44.54,                       175.4 , Desktop       , Basic            , SD        ,       294852,  777035, 480901,                    112,                  18,                1, Yes        , Yes             , Yes
       819, Rising Tide           , Amazon Prime, Stand-Up Special, Thriller   , Japanese  , United States , G         ,         2016,             2,        ,         ,         117,        5.6,                  34,                 90,                  32.84,              106.8,                75.8,         5,             336740,             7866,                27.07,                        10.23, Desktop       , Premium          , SD        ,       149913,  535462, 334535,                     22,                   4,                9, Yes        , No              , Yes
       820, The Inheritance       , Peacock     , Stand-Up Special, Romance    , Spanish   , Australia     , R         ,         2020,             4,        ,         ,         141,        7.5,                  33,                 65,                  48.98,               42.4,                44.2,         2,             184687,            66281,                 2.54,                         8.89, Gaming Console, Basic            , SD        ,       483534,  845914, 270710,                     86,                  25,                9, No         , Yes             , No
       821, Horizon               , HBO Max     , Movie           , Comedy     , Mandarin  , United States , PG-13     ,         2022,            11,        ,         ,          88,        6.2,                  97,                 97,                  65.95,               62.1,                35.9,         5,              53912,            57138,                 4.72,                        73.48, Laptop        , Standard         , 4K        ,        59201,  178751, 298198,                    151,                  31,               12, No         , No              , Yes
       822, Flashback 5           , Amazon Prime, Documentary     , Drama      , Japanese  , United States , TV-14     ,         2023,             4,        ,         ,          69,        5.4,                  89,                 38,                  55.91,               37.8,                54.3,         1,             285963,            48446,                12.38,                       190.4 , Mobile        , Premium          , HD        ,       148050,  334013, 203379,                    107,                  10,                3, No         , No              , No
       823, Stormfront 4          , HBO Max     , Documentary     , Sci-Fi     , Portuguese, Spain         , R         ,         2015,             4,       1,        3,         110,        5.9,                  40,                 89,                  17.07,               86.6,                53.5,         4,             425259,            84849,                11.14,                        63.67, Gaming Console, Standard         , SD        ,        86351,  671052,  65955,                    137,                  24,                9, No         , Yes             , Yes
       824, The Last Kingdom      , Paramount+  , Series          , Drama      , Portuguese, Canada        , TV-G      ,         2017,            12,       1,       20,          36,        7.1,                  41,                 91,                  75.39,               24.9,                91.7,         0,              63370,            99608,                25.09,                        28.47, Mobile        , Premium          , 4K        ,       342133, 1056968, 483163,                    104,                  13,                0, Yes        , Yes             , No
       825, Parallel Lives 2      , Disney+     , Mini-Series     , Action     , Hindi     , Japan         , TV-MA     ,         2022,             4,       1,        8,          60,        4.3,                  81,                 87,                  93.62,               19.2,                68.3,         5,             473584,            55993,                46.74,                       135.73, Desktop       , Premium          , 4K        ,        56849,  789044, 191251,                    186,                  40,               13, No         , No              , No
       826, Nadir                 , HBO Max     , Movie           , Crime      , Mandarin  , Mexico        , TV-PG     ,         2023,             4,        ,         ,          99,        5.6,                  54,                 32,                   1.76,               74.9,                31.9,         2,             495439,            18141,                49.32,                        76.28, Gaming Console, Standard         , HD        ,       409168,  962468, 327240,                     56,                  12,                4, Yes        , Yes             , No
       827, The Verdict           , Netflix     , Documentary     , Drama      , Japanese  , Mexico        , TV-MA     ,         2022,            11,       1,        7,          51,        8.2,                  62,                 93,                  74.94,               36.1,                26.4,         2,              19473,            97677,                35.12,                         9.25, Laptop        , Premium          , HD        ,       219757,   18792,  16121,                    134,                   3,                4, No         , No              , Yes
       828, Burnout               , Paramount+  , Mini-Series     , Crime      , Italian   , Brazil        , R         ,         2018,             6,       1,        5,          46,        6.8,                  46,                 75,                  46.79,               17.8,                34.6,         2,             299082,            52811,                23.63,                        18.71, Tablet        , Standard         , HD        ,       469941, 1490924, 264962,                    110,                  25,                9, Yes        , Yes             , Yes
       829, Fractured 5           , Disney+     , Documentary     , Sci-Fi     , Japanese  , India         , PG-13     ,         2019,             7,        ,         ,          78,        8.7,                  95,                 51,                  93.91,               46.4,                30.0,         0,              20655,             4506,                34.48,                       147.06, Gaming Console, Basic            , SD        ,       286365,  820344, 348174,                     17,                   6,                9, No         , Yes             , No
       830, The Outsider          , Apple TV+   , Mini-Series     , Thriller   , French    , Spain         , PG        ,         2021,            11,       1,        4,          53,        4.3,                  45,                 60,                  30.49,               31.0,                71.1,         1,             199957,            78416,                35.65,                       166.6 , Mobile        , Basic            , SD        ,       475618,  122180,  29823,                    189,                   3,                1, Yes        , Yes             , No
       831, Hollow Ground Zero 2  , HBO Max     , Stand-Up Special, Drama      , French    , Brazil        , R         ,         2020,            12,        ,         ,         110,        4.4,                  89,                 53,                  59.41,               19.8,                77.7,         0,             484160,            34407,                35.33,                       126.85, Laptop        , Standard         , SD        ,       127159, 1615566, 218891,                    105,                  11,                0, Yes        , Yes             , Yes
       832, Lockdown              , Amazon Prime, Mini-Series     , Crime      , Korean    , Spain         , TV-MA     ,         2022,             1,       1,        5,          59,        7.9,                  29,                 41,                   3.55,               30.3,                62.8,         1,             353550,            97213,                12.26,                       172.47, Laptop        , Standard         , HD        ,       317066,  939340, 324404,                    133,                  19,                4, Yes        , Yes             , No
       833, The Uprising          , Hulu        , Documentary     , Sci-Fi     , Japanese  , Australia     , G         ,         2016,             7,        ,         ,          99,        6.6,                  32,                 95,                  47.1 ,               48.4,                90.0,         5,             278276,            71131,                40.53,                        43.74, Mobile        , Standard         , Full HD   ,        12934,  184191, 382063,                    172,                  26,                5, No         , No              , Yes
       834, Shockwave 5           , Peacock     , Documentary     , Documentary, Portuguese, Mexico        , G         ,         2024,            12,       1,        8,          95,        4.5,                  70,                 71,                  16.14,               59.0,                70.0,         5,             467660,            93601,                26.91,                       122.03, Laptop        , Standard         , HD        ,       423896,  666975, 296547,                    142,                   7,                4, No         , No              , No
       835, Borderline Cases      , Peacock     , Mini-Series     , Crime      , Italian   , Germany       , TV-MA     ,         2015,             9,       1,        4,          59,        7.1,                  88,                 33,                  30.19,               55.7,                91.6,         2,              65430,            57778,                 5.51,                       189.47, Laptop        , Standard         , 4K        ,       289161, 1222136,  98823,                    151,                   5,                4, No         , No              , No
       836, Pulse 5               , Amazon Prime, Movie           , Horror     , Portuguese, Germany       , G         ,         2015,            11,        ,         ,         121,        8.3,                  20,                 53,                  24.95,               78.0,                69.8,         4,             496969,            58616,                28.08,                       177.85, Tablet        , Premium          , 4K        ,        26154, 1313880, 122124,                    169,                   2,                4, Yes        , Yes             , Yes
       837, Silent Storm          , Disney+     , Mini-Series     , Fantasy    , English   , United Kingdom, TV-PG     ,         2015,             8,       1,        5,          35,        7.1,                  22,                 81,                  62.88,               27.0,                31.6,         1,              84961,            29761,                42.56,                        81.91, Mobile        , Basic            , SD        ,       201608,  352732, 464757,                     15,                   1,               15, Yes        , Yes             , Yes
       838, Signal                , Disney+     , Documentary     , Fantasy    , German    , India         , TV-MA     ,         2024,             8,        ,         ,          75,        6.6,                  56,                 33,                  66.27,               34.6,                89.0,         5,              48245,            84148,                38.14,                        61.36, Gaming Console, Premium          , Full HD   ,       472586,  855752, 355628,                    131,                  17,                1, No         , No              , Yes
       839, The Pursuit           , HBO Max     , Mini-Series     , Thriller   , Korean    , France        , PG        ,         2019,             7,       1,        8,          43,        8.9,                  88,                 83,                  33.69,               39.5,                35.5,         5,             457483,            35083,                25.36,                       157.42, Desktop       , Premium          , HD        ,       346788, 1970958, 485935,                     95,                  36,               13, Yes        , No              , No
       840, Wildfire              , Peacock     , Mini-Series     , Animation  , Japanese  , South Korea   , PG-13     ,         2015,            11,       1,        6,          45,        6.0,                  80,                 30,                  87.82,               42.0,                42.7,         1,             405347,            85255,                20.46,                       160.93, Desktop       , Basic            , Full HD   ,       157738,  511501, 456805,                    115,                  39,               10, Yes        , No              , Yes
       841, Zenith                , HBO Max     , Mini-Series     , Drama      , Japanese  , Mexico        , G         ,         2024,             3,       1,        7,          38,        6.2,                  41,                 31,                   4.95,               19.5,                33.4,         4,             397665,            25709,                28.38,                       139.54, Laptop        , Basic            , 4K        ,       475571,  297640, 442790,                    156,                  21,                8, No         , Yes             , Yes
       842, Stormfront            , Amazon Prime, Documentary     , Action     , Japanese  , Brazil        , TV-14     ,         2016,             6,       1,        3,          45,        5.6,                  63,                 32,                  62.54,               43.8,                27.3,         1,             180049,            29750,                44.24,                        28.28, Laptop        , Premium          , Full HD   ,       404684, 1434090, 360019,                    177,                  15,                7, No         , No              , Yes
       843, Parallel Lives        , Amazon Prime, Movie           , Action     , Hindi     , Australia     , TV-14     ,         2024,             1,        ,         ,         110,        9.5,                  41,                 81,                  34.07,               99.1,                83.7,         1,             289071,            56902,                42.03,                        76.37, Mobile        , Premium          , Full HD   ,        58250, 1451120,  26807,                    139,                  24,               15, Yes        , Yes             , No
       844, The Informant         , Amazon Prime, Mini-Series     , Fantasy    , German    , United States , PG        ,         2024,             4,       1,        5,          33,        4.4,                  58,                 74,                  78.75,               20.6,                73.4,         5,             237898,            91558,                 1.61,                       153.09, Mobile        , Standard         , HD        ,       285166, 1772615,  56451,                    111,                  30,                6, Yes        , No              , No
       845, Flashpoint 3          , Amazon Prime, Mini-Series     , Documentary, Japanese  , Germany       , PG-13     ,         2021,             5,       1,        3,          35,        8.1,                  23,                 95,                  24.54,               17.4,                96.1,         5,             231774,            51413,                 8.03,                       118.04, Smart TV      , Standard         , HD        ,        44004, 1265746, 436352,                    115,                  16,                0, Yes        , No              , Yes
       846, Crossfire             , Netflix     , Mini-Series     , Romance    , English   , Mexico        , TV-14     ,         2024,            10,       1,        7,          34,        9.0,                  36,                 83,                  41.92,               27.9,                27.8,         1,             499262,            99691,                10.8 ,                       156.44, Desktop       , Premium          , SD        ,       161832, 1053041, 180447,                     28,                  19,                4, Yes        , Yes             , No
       847, Meltdown              , Peacock     , Mini-Series     , Romance    , English   , Australia     , PG-13     ,         2023,             3,       1,        8,          37,        4.6,                  52,                 46,                  44.83,               31.9,                54.4,         3,              96891,            79479,                30.5 ,                        22.48, Tablet        , Standard         , SD        ,       392472,  598286, 329635,                     71,                  13,                2, Yes        , No              , Yes
       848, Crossfire             , Apple TV+   , Series          , Comedy     , English   , Australia     , PG-13     ,         2024,             8,       8,       72,          28,        5.8,                  72,                 48,                  64.95,               16.5,                72.5,         3,             317171,            16581,                19.52,                       156.56, Tablet        , Basic            , 4K        ,       112053, 1797848,  84799,                    135,                   8,               13, Yes        , Yes             , Yes
       849, Catalyst              , Hulu        , Stand-Up Special, Action     , French    , United Kingdom, R         ,         2021,            10,        ,         ,          84,        8.3,                  76,                 57,                  64.57,               45.0,                57.8,         0,             188211,            17944,                28.27,                       136.65, Laptop        , Basic            , 4K        ,       337413,  612505, 181548,                    157,                  40,                2, No         , Yes             , Yes
       850, Shattered Glass       , Netflix     , Movie           , Action     , English   , India         , TV-PG     ,         2023,             4,        ,         ,         146,        6.7,                  98,                 34,                  84.28,              112.6,                44.2,         2,             461634,             7246,                 8.55,                        63.58, Laptop        , Standard         , 4K        ,        24812,  498676, 340049,                     17,                  18,                0, Yes        , No              , No
       851, Standoff              , Apple TV+   , Mini-Series     , Fantasy    , Spanish   , Brazil        , PG-13     ,         2018,             7,       1,        7,          46,        4.5,                  29,                 61,                  78.88,               35.6,                54.8,         0,              25411,            98348,                15.71,                        49.12, Tablet        , Standard         , SD        ,        52767, 1144079, 162803,                     45,                  10,                0, Yes        , Yes             , Yes
       852, The Pursuit           , Disney+     , Movie           , Animation  , Hindi     , Australia     , PG        ,         2021,             9,        ,         ,          90,        8.0,                  72,                 58,                  39.52,               15.7,                61.9,         5,             349996,            89157,                 4.34,                       187.71, Laptop        , Basic            , 4K        ,       314744,   26587, 244253,                    135,                  38,                9, No         , No              , No
       853, The Prodigy 2         , Apple TV+   , Series          , Comedy     , Korean    , Mexico        , PG        ,         2015,             8,       1,       20,          29,        6.4,                  54,                 76,                  82.79,               15.4,                71.0,         4,             439327,            79515,                16.07,                        36.47, Laptop        , Basic            , Full HD   ,        42479, 1603892,  57749,                    154,                   6,                8, No         , No              , No
       854, The Pursuit           , Paramount+  , Series          , Crime      , German    , France        , TV-14     ,         2021,             2,       3,       60,          49,        6.7,                  50,                 86,                  42.44,               38.3,                29.1,         5,             262681,            65598,                20.79,                        28.7 , Laptop        , Basic            , Full HD   ,       210180,  223555,  70512,                    107,                  25,               14, Yes        , Yes             , No
       855, The Pursuit           , Paramount+  , Movie           , Thriller   , Portuguese, Brazil        , TV-G      ,         2019,             1,        ,         ,          96,        8.0,                  47,                 66,                  63.42,               92.9,                43.6,         3,             464386,            49972,                 8.84,                        85.14, Gaming Console, Basic            , SD        ,       155688, 1995389, 356513,                     33,                   5,               14, No         , Yes             , No
       856, Echoes of War         , Amazon Prime, Mini-Series     , Action     , Korean    , Brazil        , R         ,         2016,            10,       1,        6,          47,        8.1,                  46,                 83,                  24.96,               15.9,                39.5,         2,             197713,            70601,                48.85,                        77.81, Desktop       , Standard         , SD        ,       113532,  791574, 289000,                    148,                  15,                0, Yes        , No              , Yes
       857, The Great Escape      , Hulu        , Documentary     , Biography  , Hindi     , Mexico        , PG        ,         2020,            10,       1,        3,          59,        7.6,                  41,                 91,                  88.84,               31.9,                66.7,         2,              33771,             5725,                45.4 ,                        10.45, Gaming Console, Premium          , HD        ,       303617,  197626,  42978,                    144,                  29,                5, Yes        , Yes             , No
       858, Borderline Cases 3    , Netflix     , Movie           , Animation  , Spanish   , Spain         , TV-PG     ,         2015,             8,        ,         ,         117,        7.7,                  87,                 96,                  62.37,               99.9,                57.2,         2,             304944,            80517,                22.47,                       120.25, Tablet        , Basic            , HD        ,        55863, 1028401,  65146,                     33,                  18,               13, No         , No              , No
       859, Hollow Ground Zero    , Amazon Prime, Movie           , Sci-Fi     , Spanish   , Spain         , R         ,         2020,             7,        ,         ,         106,        4.5,                  72,                 55,                  78.78,               30.3,                56.0,         2,             436628,            46189,                22.46,                        36.01, Laptop        , Basic            , 4K        ,       312883,  639916, 319197,                    110,                  14,               15, Yes        , Yes             , Yes
       860, Flashpoint City       , Netflix     , Documentary     , Animation  , French    , Mexico        , G         ,         2016,             4,       1,        8,          54,        6.3,                  83,                 74,                  17.99,               41.6,                33.4,         3,             116288,            90577,                 9.76,                       184.22, Mobile        , Basic            , 4K        ,       321921, 1805711, 276248,                     89,                  18,                1, Yes        , No              , Yes
       861, The Verdict           , Disney+     , Stand-Up Special, Romance    , Korean    , France        , TV-14     ,         2023,             4,        ,         ,         118,        7.8,                  50,                 45,                  14.63,              102.6,                97.9,         1,             316542,            82852,                 7.75,                       182.2 , Tablet        , Basic            , 4K        ,       424053,  571215,  36573,                    158,                  12,               10, Yes        , No              , No
       862, Silent Echo           , Amazon Prime, Series          , Biography  , Hindi     , Germany       , G         ,         2016,            12,       7,       91,          58,        7.3,                  65,                 63,                   9.37,               23.9,                80.3,         2,             166901,            30638,                 4.74,                        78.23, Smart TV      , Premium          , HD        ,         4599, 1876539, 404662,                    125,                  39,               12, No         , Yes             , No
       863, Overload              , Apple TV+   , Stand-Up Special, Animation  , Italian   , India         , TV-MA     ,         2015,             9,        ,         ,         170,        7.4,                  42,                 43,                  43.84,              113.6,                89.6,         2,             341233,            99671,                46.29,                        84.0 , Desktop       , Basic            , SD        ,       460031,  432523, 113147,                    164,                  31,                6, No         , No              , Yes
       864, Borderline Cases      , Amazon Prime, Documentary     , Fantasy    , Hindi     , Mexico        , TV-MA     ,         2015,            12,       1,        5,          61,        7.6,                  41,                 64,                   9.03,               43.4,                88.6,         5,             120341,             8038,                20.62,                       182.52, Mobile        , Premium          , HD        ,       227527,  655819, 161774,                      8,                   7,                3, No         , No              , No
       865, Starfall              , HBO Max     , Series          , Fantasy    , English   , India         , TV-MA     ,         2018,             6,       1,       15,          50,        6.3,                  31,                 45,                  63.52,               33.0,                71.3,         2,             218380,            35909,                 0.45,                       160.64, Tablet        , Basic            , Full HD   ,       259568,  737360, 100885,                    163,                  35,                2, Yes        , No              , Yes
       866, The Conspiracy        , Disney+     , Mini-Series     , Romance    , Spanish   , Australia     , G         ,         2023,             3,       1,        6,          57,        4.4,                  29,                 33,                  61.12,               28.4,                44.9,         2,              95021,            98218,                28.92,                       198.02, Smart TV      , Premium          , HD        ,       126855, 1007330, 200409,                    187,                  25,               13, No         , Yes             , Yes
       867, Endgame               , Hulu        , Stand-Up Special, Sci-Fi     , Spanish   , Canada        , TV-MA     ,         2016,             2,        ,         ,         155,        8.5,                  44,                 32,                  79.42,              126.0,                81.1,         2,              66488,            36758,                32.7 ,                       171.8 , Tablet        , Basic            , 4K        ,       222683, 1412212,  93162,                    136,                  13,                8, No         , Yes             , Yes
       868, Signal                , Hulu        , Series          , Horror     , Hindi     , Spain         , TV-14     ,         2016,            12,       7,      133,          38,        8.0,                  84,                 85,                  73.75,               23.3,                42.5,         2,             130594,            95349,                28.12,                        77.05, Desktop       , Basic            , Full HD   ,       180156,   43770, 235817,                     73,                  14,               10, Yes        , No              , Yes
       869, Zenith                , Apple TV+   , Stand-Up Special, Horror     , Italian   , Australia     , G         ,         2018,            10,        ,         ,         129,        8.4,                  97,                 84,                  26.99,               38.9,                66.9,         3,             212261,            43009,                 2.29,                        91.85, Desktop       , Premium          , HD        ,         2425,   79027, 399529,                    156,                  38,               10, No         , Yes             , No
       870, Wildfire              , HBO Max     , Stand-Up Special, Fantasy    , German    , Australia     , TV-PG     ,         2023,             7,        ,         ,         130,        6.5,                  88,                 63,                  43.47,               62.0,                28.3,         5,             447402,            84210,                 1.16,                       172.73, Laptop        , Premium          , SD        ,        44616, 1774876, 136776,                    164,                  29,                2, Yes        , Yes             , Yes
       871, Pulse                 , Paramount+  , Movie           , Romance    , German    , Spain         , TV-14     ,         2021,             7,        ,         ,         168,        5.8,                  63,                 39,                  51.61,               92.3,                93.6,         5,              50290,            50378,                24.6 ,                        58.86, Desktop       , Premium          , HD        ,       107219,  595872, 364020,                     58,                  24,               13, No         , Yes             , No
       872, Borderline            , Netflix     , Mini-Series     , Sci-Fi     , German    , Mexico        , R         ,         2022,             6,       1,        5,          31,        4.7,                  53,                 52,                  75.58,               22.0,                56.8,         5,             281573,            77047,                 8.43,                        66.56, Laptop        , Basic            , Full HD   ,        17504, 1771112,  68195,                     89,                   4,                7, No         , No              , No
       873, Nexus 5               , HBO Max     , Stand-Up Special, Comedy     , German    , South Korea   , TV-MA     ,         2024,             4,        ,         ,         172,        8.1,                  91,                 36,                  63.79,               45.8,                59.9,         1,               9932,            94383,                42.0 ,                         4.84, Smart TV      , Basic            , 4K        ,       288026, 1212475, 197861,                    158,                  22,                2, Yes        , Yes             , No
       874, Breakdown             , Apple TV+   , Series          , Biography  , Italian   , Spain         , TV-14     ,         2023,             7,       8,       56,          35,        6.1,                  73,                 48,                   5.0 ,               18.9,                53.0,         2,             159406,            89129,                14.1 ,                       125.96, Tablet        , Standard         , 4K        ,       391802, 1549370, 376831,                     67,                  15,                3, Yes        , Yes             , Yes
       875, The Covenant          , Peacock     , Movie           , Documentary, English   , Spain         , R         ,         2016,             8,        ,         ,         113,        5.5,                  65,                 89,                  43.9 ,               56.9,                72.7,         1,             203488,            32113,                47.16,                        89.18, Tablet        , Premium          , SD        ,       267143, 1288282, 472775,                    146,                  39,               15, No         , No              , No
       876, Nadir                 , HBO Max     , Mini-Series     , Fantasy    , Hindi     , Japan         , TV-14     ,         2017,            10,       1,        5,          57,        5.0,                  78,                 62,                  83.44,               51.5,                95.1,         1,             249665,            51025,                23.31,                       111.74, Tablet        , Basic            , Full HD   ,       457291,  315297,  11820,                    127,                  27,               14, No         , Yes             , No
       877, Blowback              , Hulu        , Mini-Series     , Comedy     , Spanish   , France        , TV-G      ,         2018,            11,       1,        4,          31,        7.4,                  27,                 34,                  61.15,               15.7,                86.4,         5,              17562,            53613,                18.66,                        71.74, Desktop       , Basic            , HD        ,       390573,  609332, 378730,                     72,                  22,                7, No         , No              , No
       878, The Verdict           , Disney+     , Series          , Fantasy    , French    , Germany       , TV-PG     ,         2015,            11,       1,        7,          38,        6.6,                  93,                 40,                   6.76,               31.9,                83.6,         4,             395032,            87251,                18.12,                        84.57, Smart TV      , Premium          , 4K        ,       437069,  659356,  42136,                     27,                  36,                3, No         , Yes             , No
       879, Axis                  , Peacock     , Documentary     , Comedy     , Korean    , Mexico        , TV-MA     ,         2022,             8,        ,         ,          56,        6.8,                  72,                 95,                  46.3 ,               15.0,                76.2,         5,             305948,            53950,                20.02,                       130.35, Laptop        , Premium          , HD        ,       371334, 1287982,   8305,                    100,                   9,               11, No         , No              , No
       880, Dark Waters           , Amazon Prime, Mini-Series     , Biography  , French    , Mexico        , R         ,         2018,             1,       1,        8,          35,        7.2,                  43,                 93,                  40.22,               20.7,                21.4,         2,             439445,            63069,                34.04,                       124.82, Laptop        , Basic            , HD        ,        35222,  531469,  28738,                     95,                   5,                6, Yes        , No              , No
       881, The Forgotten         , HBO Max     , Documentary     , Thriller   , Hindi     , Brazil        , PG        ,         2019,             8,        ,         ,          66,        5.4,                  58,                 68,                  78.64,               15.1,                45.5,         2,             147862,            13515,                 0.88,                       179.49, Gaming Console, Basic            , HD        ,       410615, 1058214, 252114,                    170,                  15,               11, Yes        , No              , No
       882, Afterglow             , Paramount+  , Documentary     , Horror     , Spanish   , South Korea   , PG        ,         2018,             6,       1,        9,          69,        4.0,                  65,                 95,                  35.58,               29.4,                93.7,         3,             404984,            41717,                26.75,                        16.17, Mobile        , Premium          , Full HD   ,       334386,  351975, 363743,                     35,                  32,               10, No         , Yes             , No
       883, Shutdown              , Amazon Prime, Series          , Animation  , German    , France        , TV-14     ,         2023,             2,       7,      140,          44,        8.2,                  42,                 57,                  51.16,               42.3,                27.6,         1,             163079,            69794,                38.12,                       114.6 , Desktop       , Premium          , SD        ,       384006,  116465, 102811,                    141,                   5,                8, No         , Yes             , No
       884, Cold Case Files       , Disney+     , Mini-Series     , Action     , Spanish   , Mexico        , TV-14     ,         2024,             8,       1,        8,          56,        5.3,                  26,                 43,                  16.55,               36.1,                32.1,         1,             154765,            11885,                49.51,                        59.5 , Laptop        , Basic            , HD        ,       130838,  175940, 174251,                    169,                  23,               11, Yes        , Yes             , Yes
       885, Borderline            , Hulu        , Movie           , Horror     , Korean    , United States , TV-G      ,         2022,             9,        ,         ,          86,        7.7,                  32,                 36,                  58.62,               78.0,                51.8,         4,             287849,            39725,                33.2 ,                        62.92, Laptop        , Standard         , 4K        ,       124505, 1571521, 419555,                     83,                  21,                9, Yes        , Yes             , Yes
       886, Vanishing Point       , HBO Max     , Mini-Series     , Action     , English   , Germany       , TV-MA     ,         2016,            10,       1,        8,          55,        4.6,                  73,                 43,                  87.19,               44.9,                96.6,         3,             361770,            80721,                 4.71,                        12.25, Gaming Console, Premium          , HD        ,        83955, 1392931, 131112,                     39,                   8,               12, Yes        , No              , Yes
       887, Iron Will             , Paramount+  , Mini-Series     , Fantasy    , German    , India         , TV-PG     ,         2024,            10,       1,        6,          60,        4.8,                  87,                 54,                  60.02,               37.3,                82.4,         5,              45272,            97747,                 0.24,                        69.38, Mobile        , Basic            , Full HD   ,       258144,  271694, 398502,                     38,                  36,               14, Yes        , Yes             , Yes
       888, Vanishing Point 5     , HBO Max     , Stand-Up Special, Romance    , Mandarin  , Spain         , PG-13     ,         2019,             4,        ,         ,         146,        6.5,                  35,                 48,                  57.99,               26.6,                46.1,         5,             425408,             5858,                16.59,                       199.17, Gaming Console, Basic            , HD        ,       479001, 1324980, 496890,                    137,                  26,                0, No         , Yes             , No
       889, The Relic 3           , HBO Max     , Movie           , Sci-Fi     , Japanese  , Japan         , TV-G      ,         2019,             8,        ,         ,         177,        6.2,                  97,                 73,                   4.05,              108.9,                40.1,         0,             332694,            65886,                48.6 ,                       117.09, Tablet        , Standard         , 4K        ,       360660,  544489, 107089,                     14,                   7,               12, No         , No              , No
       890, Signal 5              , Paramount+  , Documentary     , Romance    , German    , Mexico        , R         ,         2016,             4,        ,         ,          51,        6.3,                  36,                 47,                  80.13,               15.8,                26.9,         0,             419097,            95278,                43.41,                       111.42, Smart TV      , Standard         , 4K        ,       435580, 1235577, 145287,                    175,                  29,                2, Yes        , Yes             , Yes
       891, Fractured             , HBO Max     , Stand-Up Special, Crime      , Japanese  , Mexico        , R         ,         2023,             3,        ,         ,         166,        7.1,                  59,                 39,                  56.01,              128.8,                40.3,         4,             383294,             6262,                47.85,                        47.06, Laptop        , Basic            , HD        ,       308606,  751734, 462801,                     28,                  27,               15, Yes        , Yes             , No
       892, Catalyst              , Peacock     , Documentary     , Drama      , Portuguese, Japan         , TV-PG     ,         2023,            12,        ,         ,          87,        6.1,                  39,                 51,                  34.98,               62.8,                71.7,         5,              97292,            20820,                26.3 ,                        33.37, Desktop       , Basic            , SD        ,       276319,  457979,  80887,                     67,                  24,                6, Yes        , No              , No
       893, Iron Fist             , HBO Max     , Documentary     , Documentary, German    , Australia     , TV-G      ,         2023,             1,        ,         ,          80,        5.8,                  90,                 58,                  45.62,               32.5,                41.9,         2,             435657,            75345,                23.77,                        29.74, Mobile        , Standard         , HD        ,        42601, 1966449, 250397,                     87,                  23,               10, Yes        , No              , No
       894, Undertow              , HBO Max     , Movie           , Fantasy    , Spanish   , Mexico        , TV-MA     ,         2023,             7,        ,         ,         162,        8.9,                  40,                 84,                  42.21,              126.8,                85.4,         5,              61769,            80884,                30.96,                        85.17, Tablet        , Basic            , Full HD   ,       321505,  852087, 186442,                     86,                   5,               11, No         , No              , Yes
       895, Fallout               , Peacock     , Series          , Biography  , English   , United States , R         ,         2020,            12,       3,       21,          29,        6.2,                  44,                 34,                   8.25,               25.3,                64.9,         5,             335178,            20346,                 8.67,                        56.52, Mobile        , Premium          , Full HD   ,       398154, 1135603, 415183,                     60,                  20,                5, No         , No              , No
       896, The Relic 4           , Peacock     , Movie           , Comedy     , Portuguese, United States , TV-MA     ,         2015,             4,        ,         ,         100,        9.0,                  90,                 30,                   6.93,               87.6,                87.9,         3,             392036,            31720,                18.77,                       176.29, Laptop        , Standard         , 4K        ,        54747, 1947397, 181371,                     88,                  17,                8, No         , Yes             , No
       897, The Verdict           , Peacock     , Movie           , Crime      , German    , Spain         , TV-MA     ,         2021,            11,        ,         ,         164,        4.8,                  37,                 36,                  59.8 ,              126.7,                50.8,         5,             446990,            39179,                31.22,                        13.06, Desktop       , Premium          , HD        ,       372607, 1113091, 430456,                     94,                  27,               14, Yes        , No              , Yes
       898, Starfall              , Apple TV+   , Mini-Series     , Biography  , Hindi     , Brazil        , R         ,         2015,            11,       1,        6,          44,        5.9,                  60,                 47,                   8.58,               19.6,                34.2,         2,             114055,            79605,                18.57,                        95.8 , Desktop       , Standard         , Full HD   ,       392421,  829364,   1335,                    119,                  36,                0, No         , No              , Yes
       899, Burnout               , Amazon Prime, Stand-Up Special, Animation  , Spanish   , Spain         , TV-G      ,         2020,             6,        ,         ,          83,        4.8,                  55,                 68,                   9.21,               35.9,                80.9,         2,             108007,            88104,                 5.06,                       183.57, Desktop       , Premium          , HD        ,       272686, 1592541, 352836,                     67,                  34,               10, No         , No              , No
       900, Shattered             , Peacock     , Mini-Series     , Crime      , English   , Spain         , G         ,         2020,             6,       1,        5,          53,        7.4,                  46,                 69,                  21.23,               44.1,                61.9,         5,             258279,            13349,                16.85,                        82.4 , Desktop       , Basic            , HD        ,       380643,    5705, 435204,                    154,                  18,                1, No         , No              , Yes
       901, The Witness           , Apple TV+   , Series          , Romance    , Mandarin  , Spain         , TV-G      ,         2016,             1,       1,        9,          29,        9.2,                  52,                 89,                  43.27,               18.2,                42.4,         2,             126034,            86928,                 3.63,                       178.94, Tablet        , Premium          , 4K        ,        70038,  362799, 184767,                     98,                  30,               10, No         , No              , Yes
       902, The Covenant          , Paramount+  , Mini-Series     , Comedy     , German    , Brazil        , TV-14     ,         2020,             8,       1,        4,          49,        7.7,                  39,                 60,                  81.78,               33.2,                95.4,         2,             289767,             2313,                41.71,                       134.99, Desktop       , Standard         , 4K        ,       391607, 1253787, 158036,                    129,                  24,                3, No         , No              , Yes
       903, Iron Will             , HBO Max     , Movie           , Thriller   , German    , India         , R         ,         2018,            12,        ,         ,         169,        7.6,                  58,                 86,                   0.28,               17.8,                27.9,         3,             423028,            77712,                49.85,                        89.2 , Gaming Console, Basic            , Full HD   ,       382535, 1033366, 350989,                    156,                  32,                7, No         , Yes             , No
       904, Reboot                , Apple TV+   , Movie           , Animation  , Hindi     , Spain         , TV-MA     ,         2020,            12,        ,         ,         173,        6.2,                  35,                 89,                   2.51,              111.1,                50.3,         0,              40806,            60308,                17.43,                       135.72, Gaming Console, Basic            , SD        ,       229860, 1572344,  18499,                    103,                  30,                8, Yes        , No              , No
       905, Overload              , Apple TV+   , Mini-Series     , Fantasy    , Spanish   , Germany       , PG-13     ,         2016,            12,       1,        5,          48,        8.5,                  50,                 84,                  42.35,               37.3,                47.5,         1,             414495,            56156,                24.37,                        48.41, Gaming Console, Standard         , 4K        ,        23892, 1025711,  30310,                    121,                   9,                4, Yes        , No              , Yes
       906, Wildfire              , Apple TV+   , Movie           , Thriller   , Mandarin  , United States , PG        ,         2019,             4,        ,         ,          81,        7.3,                  59,                 51,                  46.84,               35.4,                67.9,         3,             212435,            88129,                46.15,                        63.07, Gaming Console, Premium          , 4K        ,       231591, 1612024, 430022,                     21,                  18,                0, Yes        , Yes             , Yes
       907, Darkroom Files        , Hulu        , Mini-Series     , Fantasy    , German    , France        , PG-13     ,         2021,             1,       1,        7,          35,        9.4,                  63,                 53,                  90.12,               28.4,                38.5,         5,             246874,            77502,                47.3 ,                       141.65, Smart TV      , Basic            , 4K        ,       225055, 1969271, 305813,                     31,                   6,                4, Yes        , Yes             , Yes
       908, Lost Signal           , Disney+     , Mini-Series     , Action     , German    , United Kingdom, PG        ,         2024,             8,       1,        8,          47,        7.1,                  38,                 72,                  76.97,               42.7,                50.8,         2,             236718,            34616,                31.48,                        54.93, Tablet        , Premium          , HD        ,        94874,  786080, 359902,                     86,                  18,                9, Yes        , Yes             , Yes
       909, Pulse                 , Apple TV+   , Movie           , Thriller   , German    , Spain         , R         ,         2023,             1,        ,         ,         162,        5.9,                  27,                 56,                  52.54,              110.3,                62.1,         5,             310961,            28362,                22.26,                       190.27, Laptop        , Premium          , Full HD   ,       409163,  209221, 281582,                     76,                  32,                2, No         , No              , Yes
       910, Starfall 2            , HBO Max     , Stand-Up Special, Thriller   , Hindi     , South Korea   , TV-14     ,         2019,             1,        ,         ,          87,        4.6,                  76,                 51,                  51.51,               80.6,                20.9,         0,             266421,            63135,                43.93,                        79.28, Tablet        , Standard         , 4K        ,        24277, 1535874, 300432,                      7,                  27,               15, No         , Yes             , Yes
       911, Vertex                , Disney+     , Stand-Up Special, Romance    , English   , Spain         , TV-PG     ,         2022,            12,        ,         ,          83,        7.5,                  43,                 42,                  47.45,               17.8,                62.6,         4,             206963,            73520,                 2.51,                        60.31, Desktop       , Standard         , HD        ,        23494,  474451, 464554,                    176,                  11,               12, No         , No              , No
       912, Shattered Glass       , Paramount+  , Mini-Series     , Comedy     , Mandarin  , Canada        , PG        ,         2021,             1,       1,        5,          52,        9.0,                  49,                 32,                  36.82,               48.7,                82.1,         4,              17401,            73997,                35.98,                       150.26, Gaming Console, Basic            , HD        ,       156480,  274173, 176324,                    174,                   8,               14, Yes        , Yes             , Yes
       913, Threshold             , Amazon Prime, Series          , Sci-Fi     , Portuguese, India         , TV-PG     ,         2022,             1,       8,      112,          33,        4.6,                  62,                 61,                   6.46,               19.5,                90.3,         5,              72638,            44686,                47.63,                        80.61, Smart TV      , Basic            , HD        ,        59337,  888125, 299581,                     11,                  36,               14, No         , No              , Yes
       914, Vanishing Point       , Hulu        , Series          , Romance    , Portuguese, South Korea   , TV-MA     ,         2018,            11,       2,       12,          48,        6.0,                  50,                 71,                  80.89,               30.8,                46.4,         2,             197856,            75223,                10.92,                       138.21, Tablet        , Basic            , SD        ,       459369,  341777, 385049,                     25,                  20,                1, Yes        , Yes             , Yes
       915, Burning Bridges 4     , Apple TV+   , Stand-Up Special, Fantasy    , Mandarin  , Mexico        , TV-G      ,         2024,            10,        ,         ,          76,        9.1,                  63,                 88,                   9.59,               71.7,                26.4,         3,             366613,             3516,                 9.65,                        69.41, Desktop       , Standard         , SD        ,       468371, 1202039, 159112,                     23,                   9,                8, No         , Yes             , No
       916, The Outsider          , HBO Max     , Stand-Up Special, Thriller   , Portuguese, Canada        , TV-14     ,         2018,             4,        ,         ,         132,        6.1,                  53,                 44,                  71.85,               68.1,                85.0,         3,             243682,            87455,                21.81,                        12.6 , Laptop        , Standard         , HD        ,       162665,  680830, 493754,                    172,                  38,               14, Yes        , Yes             , No
       917, Zenith                , Hulu        , Series          , Action     , Korean    , Canada        , TV-PG     ,         2022,             6,       8,      112,          43,        4.6,                  20,                 68,                  51.62,               40.1,                87.0,         4,             159105,            91869,                43.67,                        88.04, Mobile        , Basic            , SD        ,       180634,  811732,  10251,                     92,                  19,                5, No         , Yes             , No
       918, Blowback              , Apple TV+   , Stand-Up Special, Biography  , Korean    , Spain         , TV-PG     ,         2016,             2,        ,         ,          88,        4.3,                  93,                 90,                  37.32,               79.3,                48.2,         5,             389640,            46018,                20.95,                        92.54, Desktop       , Premium          , 4K        ,        79584,  349106, 203119,                    179,                  37,                6, No         , No              , No
       919, Standoff 3            , Netflix     , Stand-Up Special, Animation  , Korean    , Australia     , TV-PG     ,         2023,             6,        ,         ,         169,        6.3,                  75,                 78,                  68.77,              127.3,                34.2,         5,             376348,            53441,                 3.43,                       104.12, Laptop        , Premium          , 4K        ,        17755, 1310391, 402416,                    118,                  29,               14, No         , No              , No
       920, Crimson Tide          , Hulu        , Stand-Up Special, Crime      , German    , India         , TV-PG     ,         2018,             8,        ,         ,         134,        7.2,                  76,                 38,                  63.69,               25.2,                93.8,         1,             187480,            16148,                 6.54,                       119.62, Mobile        , Basic            , SD        ,       213365, 1131805, 472396,                    172,                  11,                9, Yes        , Yes             , Yes
       921, Burning Bridges       , Hulu        , Movie           , Action     , Hindi     , Canada        , R         ,         2019,             5,        ,         ,         123,        4.1,                  71,                 33,                  79.3 ,              117.8,                49.5,         2,             371048,            29696,                34.02,                         0.96, Desktop       , Standard         , HD        ,       100047,  715278, 229462,                    142,                  26,               10, Yes        , No              , Yes
       922, The Uprising          , Hulu        , Documentary     , Biography  , English   , United States , TV-PG     ,         2019,             5,        ,         ,          81,        6.9,                  63,                 61,                  10.22,               78.5,                69.3,         4,             410676,             1285,                12.83,                        72.74, Tablet        , Basic            , SD        ,       169910,  519315, 232828,                    110,                  20,                4, No         , No              , Yes
       923, Borderline Cases      , Peacock     , Stand-Up Special, Animation  , Italian   , Brazil        , TV-PG     ,         2015,            11,        ,         ,          98,        4.2,                  95,                 46,                  16.12,               35.7,                25.9,         3,              17921,            12193,                31.09,                       143.56, Tablet        , Premium          , 4K        ,       217475, 1934730, 109506,                    156,                  37,                4, No         , No              , Yes
       924, Hollow Ground Zero    , Amazon Prime, Mini-Series     , Action     , Korean    , Canada        , TV-14     ,         2021,             3,       1,        7,          56,        4.6,                  93,                 80,                  29.49,               19.7,                20.7,         1,             398585,            23953,                27.12,                       101.56, Laptop        , Basic            , SD        ,       170014,  164896, 367841,                     15,                  12,               15, No         , No              , Yes
       925, Iron Will             , Disney+     , Series          , Biography  , English   , United Kingdom, TV-G      ,         2020,             5,       6,       84,          26,        6.2,                  87,                 93,                  58.89,               22.2,                74.3,         0,             455314,            35266,                20.32,                        26.76, Laptop        , Standard         , SD        ,       408952,  204939, 186400,                     48,                  26,               14, No         , No              , Yes
       926, Wavelength 5          , Netflix     , Documentary     , Animation  , Japanese  , Japan         , R         ,         2018,             1,        ,         ,         109,        9.2,                  38,                 60,                  65.47,               35.3,                61.7,         5,               5487,            55868,                 2.5 ,                        18.04, Tablet        , Standard         , 4K        ,       311696,  322073, 120134,                     39,                  26,               15, Yes        , No              , No
       927, Deadlock City         , Paramount+  , Movie           , Comedy     , Japanese  , United States , PG        ,         2024,             7,        ,         ,         138,        7.4,                  81,                 46,                   2.73,               30.9,                25.7,         1,              24232,            15618,                42.43,                        31.37, Gaming Console, Premium          , Full HD   ,        66282,  499798, 118941,                    185,                  10,               14, Yes        , No              , Yes
       928, Apex                  , Apple TV+   , Stand-Up Special, Action     , Mandarin  , United Kingdom, TV-14     ,         2023,            11,        ,         ,         122,        9.0,                  35,                 39,                  40.85,               37.6,                67.1,         3,              43663,            37017,                30.1 ,                       194.73, Laptop        , Standard         , 4K        ,       158754, 1459699, 450484,                     33,                  20,                5, No         , No              , Yes
       929, Deadfall              , Peacock     , Series          , Romance    , Mandarin  , United Kingdom, R         ,         2016,             3,       5,      120,          52,        8.0,                  50,                 85,                  67.32,               32.1,                33.4,         2,             155748,            25070,                31.79,                        39.91, Tablet        , Standard         , 4K        ,       272098, 1039044,  86407,                    159,                  25,               11, No         , Yes             , No
       930, The Wanderer          , HBO Max     , Series          , Animation  , English   , India         , G         ,         2018,             5,       1,       15,          30,        5.6,                  94,                 83,                  91.3 ,               24.4,                76.2,         4,             150512,             1243,                30.09,                        84.08, Tablet        , Standard         , HD        ,       250597,  870836,  66827,                     78,                  11,               12, No         , Yes             , Yes
       931, The Pursuit           , Disney+     , Movie           , Thriller   , German    , Canada        , R         ,         2015,            10,        ,         ,         172,        4.5,                  54,                 37,                  86.68,              121.6,                31.6,         1,              57007,            93158,                 5.73,                        92.29, Mobile        , Standard         , Full HD   ,       477908,  138163, 135603,                    130,                  22,               13, Yes        , Yes             , Yes
       932, Hollow Ground Zero    , Hulu        , Series          , Romance    , Mandarin  , Brazil        , TV-MA     ,         2022,             5,       3,       33,          58,        7.0,                  51,                 71,                  58.6 ,               44.4,                91.1,         3,             412885,            62477,                39.87,                        16.94, Tablet        , Basic            , SD        ,       414050,  354121,  87127,                    115,                  11,                9, No         , Yes             , No
       933, Borderline 3          , Disney+     , Stand-Up Special, Crime      , English   , Canada        , G         ,         2015,             7,        ,         ,         113,        8.6,                  72,                 38,                  82.16,               78.2,                43.5,         3,             263841,            64079,                12.51,                       147.64, Tablet        , Standard         , Full HD   ,       345376, 1967942,  27533,                    187,                  19,                5, Yes        , Yes             , No
       934, Countdown             , Disney+     , Movie           , Biography  , German    , Spain         , TV-14     ,         2019,            10,        ,         ,         103,        7.4,                  59,                 59,                  65.0 ,               50.2,                21.5,         2,             447569,            27788,                36.98,                       134.54, Mobile        , Premium          , Full HD   ,        91547, 1076744, 245801,                    147,                  15,               10, No         , Yes             , Yes
       935, Wavelength            , Amazon Prime, Series          , Thriller   , English   , Spain         , R         ,         2019,             6,       4,       48,          25,        5.0,                  49,                 84,                  29.54,               23.5,                31.9,         3,             489372,            33226,                 1.13,                       114.23, Tablet        , Basic            , 4K        ,        82511,  115369, 126744,                     63,                  23,                1, No         , Yes             , No
       936, Blue Horizon 3        , Apple TV+   , Movie           , Drama      , Italian   , Mexico        , PG        ,         2020,             6,        ,         ,         116,        6.9,                  83,                 36,                  76.4 ,              111.6,                40.8,         5,              27434,            35832,                 7.64,                       179.12, Gaming Console, Premium          , Full HD   ,       496185,  714995, 206196,                     83,                   5,                2, Yes        , No              , No
       937, The Outsider 3        , Netflix     , Documentary     , Animation  , Spanish   , Canada        , PG        ,         2018,            12,        ,         ,          47,        5.9,                  48,                 69,                  58.11,               23.1,                79.4,         0,             323208,            93447,                43.73,                        22.46, Gaming Console, Standard         , Full HD   ,       187714, 1040659, 497765,                     36,                  26,               13, Yes        , Yes             , Yes
       938, Darkroom              , Netflix     , Documentary     , Comedy     , German    , India         , PG        ,         2023,            11,        ,         ,         100,        5.3,                  36,                 31,                  83.04,               15.1,                54.0,         0,             163924,             5444,                14.49,                        11.42, Desktop       , Premium          , 4K        ,       262705, 1696015, 187966,                    175,                  27,               14, No         , Yes             , No
       939, Burning Bridges       , Peacock     , Movie           , Animation  , English   , Mexico        , G         ,         2016,             1,        ,         ,          85,        9.0,                  73,                 42,                  80.73,               66.3,                66.8,         3,             435713,            67298,                26.25,                       111.67, Desktop       , Premium          , HD        ,        20111,  589499, 419046,                    105,                   8,               12, Yes        , Yes             , No
       940, The Pursuit of Truth  , Apple TV+   , Movie           , Animation  , Japanese  , Germany       , G         ,         2020,            11,        ,         ,          79,        7.6,                  68,                 72,                  94.36,               63.6,                61.8,         1,             199330,            62735,                 8.85,                         7.34, Laptop        , Basic            , 4K        ,        82149, 1728409,    941,                    190,                  36,                3, No         , No              , Yes
       941, Uprising 3            , Apple TV+   , Documentary     , Horror     , English   , Spain         , R         ,         2015,             9,       1,        1,          96,        7.3,                  86,                 77,                   9.9 ,               35.7,                96.2,         4,             287637,            26793,                20.61,                       178.39, Tablet        , Standard         , 4K        ,       138166, 1183520,  18527,                    116,                  25,               13, No         , No              , Yes
       942, Stormfront            , Paramount+  , Movie           , Comedy     , German    , Japan         , TV-14     ,         2021,             1,        ,         ,         119,        7.7,                  66,                 81,                  19.77,               46.6,                92.2,         0,             264126,             6398,                45.81,                       131.34, Mobile        , Premium          , HD        ,         8573, 1509544,  16982,                     39,                  23,               11, No         , No              , Yes
       943, Crossroads            , Paramount+  , Documentary     , Thriller   , English   , Australia     , R         ,         2016,             7,        ,         ,         116,        6.6,                  95,                 50,                  79.78,               25.9,                42.1,         3,             353001,            20145,                 0.68,                        21.15, Tablet        , Premium          , SD        ,        72661,  786424, 428911,                     79,                  22,               10, Yes        , Yes             , No
       944, Frozen in Time        , Netflix     , Stand-Up Special, Biography  , English   , Australia     , R         ,         2024,             8,        ,         ,         126,        7.5,                  50,                 96,                  48.5 ,               30.0,                49.4,         3,             112488,             1728,                10.15,                       158.81, Tablet        , Basic            , HD        ,       405034, 1407814,  31173,                     12,                   2,                2, No         , Yes             , No
       945, The Divide            , Hulu        , Movie           , Documentary, Korean    , United Kingdom, TV-G      ,         2024,            10,        ,         ,         157,        6.3,                  54,                 82,                  71.71,               36.7,                68.3,         5,             102053,            47084,                 5.03,                       121.32, Laptop        , Basic            , HD        ,       176642,  325584, 237167,                     88,                  26,                1, Yes        , Yes             , Yes
       946, The Verdict 3         , HBO Max     , Movie           , Romance    , German    , Mexico        , TV-G      ,         2022,             2,        ,         ,          98,        6.0,                  67,                 96,                  53.61,               18.6,                40.5,         4,             446085,            82448,                 8.34,                       172.48, Smart TV      , Standard         , SD        ,       216485,  844302, 226165,                     16,                  35,                3, Yes        , Yes             , Yes
       947, The Great Escape      , HBO Max     , Mini-Series     , Documentary, Mandarin  , United States , TV-PG     ,         2018,             7,       1,        3,          40,        4.8,                  70,                 71,                  78.78,               35.3,                86.7,         2,             158726,            39705,                 7.81,                        29.38, Tablet        , Premium          , HD        ,       131678, 1125622, 285337,                    105,                  13,                2, Yes        , No              , Yes
       948, The Heist Plan 4      , Netflix     , Series          , Comedy     , Spanish   , Brazil        , G         ,         2017,             7,       7,      168,          29,        9.1,                  35,                 61,                  63.64,               20.7,                49.9,         0,             138251,            59532,                46.54,                       157.7 , Desktop       , Premium          , SD        ,       435638,  213874, 427085,                    153,                  40,                4, No         , No              , Yes
       949, The Witness           , Peacock     , Stand-Up Special, Animation  , Hindi     , Japan         , PG        ,         2015,             4,        ,         ,         108,        4.4,                  31,                 55,                  71.81,               63.0,                28.6,         4,             332130,            13574,                15.64,                       189.78, Tablet        , Basic            , HD        ,        82139,  660415, 333552,                     34,                  29,                0, No         , No              , No
       950, The Forgotten         , Peacock     , Movie           , Crime      , Korean    , United States , TV-PG     ,         2022,             2,        ,         ,         112,        7.6,                  84,                 88,                  50.07,               21.7,                35.4,         2,             424318,            46358,                38.16,                        78.25, Tablet        , Standard         , HD        ,       496218, 1603520,  79946,                    122,                  21,               15, No         , Yes             , No
       951, Override              , Hulu        , Series          , Documentary, Korean    , Japan         , TV-G      ,         2015,            10,       4,       52,          60,        4.6,                  49,                 80,                  71.07,               59.9,                42.5,         1,             427724,            82585,                20.26,                        60.44, Smart TV      , Standard         , SD        ,       117567,  352064, 223685,                    120,                  23,                7, Yes        , Yes             , No
       952, The Great Escape      , Peacock     , Series          , Comedy     , English   , United Kingdom, G         ,         2023,            10,       7,      112,          40,        6.2,                  32,                 51,                  30.67,               24.9,                50.3,         2,              11176,             8052,                14.08,                        58.47, Desktop       , Standard         , 4K        ,       314332,  629903, 459713,                    148,                  25,                8, No         , Yes             , No
       953, Midnight Sun          , Hulu        , Documentary     , Comedy     , English   , United States , TV-G      ,         2022,             1,       1,        8,         107,        9.2,                  48,                 91,                  29.82,               98.5,                66.5,         1,             427752,             4846,                22.24,                        21.1 , Smart TV      , Standard         , SD        ,       300852, 1475413, 397886,                    113,                   4,                1, No         , Yes             , Yes
       954, The Outsider          , HBO Max     , Movie           , Romance    , Japanese  , Canada        , TV-PG     ,         2022,             5,        ,         ,         104,        5.3,                  86,                 68,                  63.07,               80.0,                96.8,         2,             196097,            21202,                11.48,                       197.13, Laptop        , Premium          , SD        ,       429202,  442842, 381111,                     64,                  24,                7, Yes        , Yes             , No
       955, Countdown             , Disney+     , Documentary     , Fantasy    , German    , France        , R         ,         2021,            12,       1,       10,         106,        7.6,                  78,                 60,                   9.95,               56.4,                95.0,         2,             400214,            56042,                34.74,                        31.38, Desktop       , Standard         , HD        ,       487163, 1925806, 102810,                    148,                  23,               12, No         , Yes             , Yes
       956, Borderline Cases      , Peacock     , Stand-Up Special, Documentary, Spanish   , Japan         , PG        ,         2018,             5,        ,         ,         148,        5.1,                  35,                 91,                  87.16,               66.9,                93.1,         3,               3074,            47879,                18.22,                       128.4 , Laptop        , Basic            , Full HD   ,       242537, 1274172,  65700,                     35,                   8,               12, Yes        , No              , Yes
       957, Neon Lights           , Hulu        , Mini-Series     , Horror     , German    , Japan         , TV-PG     ,         2018,            10,       1,        7,          52,        7.3,                  21,                 43,                  89.18,               39.5,                69.0,         2,             189068,            63700,                 0.29,                       174.85, Desktop       , Premium          , HD        ,       131403, 1387181,  69383,                    126,                   7,               12, No         , Yes             , No
       958, Borderline 2          , Apple TV+   , Movie           , Crime      , French    , Germany       , G         ,         2015,             1,        ,         ,         160,        4.4,                  34,                 37,                   7.99,               62.4,                25.8,         0,             443593,            76732,                23.01,                       112.59, Tablet        , Premium          , SD        ,        73091, 1987274,  46000,                     64,                   1,                1, Yes        , Yes             , No
       959, Burnout               , Netflix     , Stand-Up Special, Sci-Fi     , Italian   , India         , R         ,         2018,             2,        ,         ,          82,        5.5,                  53,                 97,                  11.95,               60.3,                93.6,         3,             497385,            82325,                12.29,                       198.38, Tablet        , Standard         , 4K        ,        36858, 1270782,  72625,                     37,                   5,                4, Yes        , Yes             , No
       960, Wildfire              , Peacock     , Mini-Series     , Comedy     , Italian   , Germany       , PG        ,         2018,             1,       1,        4,          36,        6.3,                  34,                 85,                  57.76,               23.9,                34.8,         5,             319547,            77470,                 3.35,                       169.6 , Laptop        , Standard         , SD        ,       438669,  511423,  77259,                     62,                  37,                2, Yes        , Yes             , No
       961, The Uprising          , Disney+     , Documentary     , Documentary, Spanish   , India         , TV-PG     ,         2024,             4,        ,         ,         119,        5.4,                  99,                 71,                  80.35,               32.2,                34.5,         1,             475527,            80596,                20.75,                        51.82, Tablet        , Premium          , Full HD   ,       398572,  520849, 420192,                    166,                  28,               13, Yes        , Yes             , Yes
       962, Afterglow             , Hulu        , Series          , Drama      , German    , Japan         , G         ,         2024,            12,       1,       16,          57,        6.7,                  30,                 72,                  30.21,               29.6,                72.6,         5,              29248,            83926,                45.5 ,                       139.87, Mobile        , Standard         , 4K        ,       487150, 1278838,  27341,                     48,                  23,                3, Yes        , Yes             , No
       963, Flashpoint            , Paramount+  , Series          , Comedy     , German    , India         , TV-PG     ,         2021,            12,       1,       12,          31,        5.0,                  85,                 68,                   6.98,               27.7,                33.7,         2,             180722,            86231,                30.98,                       113.77, Laptop        , Standard         , HD        ,       378315,  955086, 480756,                    151,                  13,               11, No         , No              , No
       964, The Inheritance       , Disney+     , Mini-Series     , Biography  , Italian   , Japan         , PG        ,         2016,             2,       1,        6,          51,        5.2,                  70,                 88,                   1.22,               40.6,                53.2,         2,             206016,            85581,                23.18,                        86.5 , Smart TV      , Basic            , Full HD   ,       497114, 1165300, 152925,                     46,                  14,                6, Yes        , Yes             , Yes
       965, The Pursuit           , Hulu        , Movie           , Biography  , Portuguese, Mexico        , PG-13     ,         2024,             3,        ,         ,         155,        5.4,                  91,                 47,                  48.62,               46.2,                90.9,         1,             419100,            14500,                 2.01,                        94.6 , Gaming Console, Premium          , HD        ,        43683,  360316, 333811,                    117,                  15,               13, No         , No              , No
       966, Iron Will 5           , Disney+     , Movie           , Comedy     , Mandarin  , Spain         , G         ,         2023,             5,        ,         ,          92,        7.0,                  52,                 38,                  41.56,               70.2,                58.2,         5,             225381,            99881,                44.41,                       126.03, Tablet        , Basic            , HD        ,       327575, 1533891, 383087,                     88,                  23,               10, Yes        , Yes             , Yes
       967, The Pursuit           , Netflix     , Stand-Up Special, Comedy     , Mandarin  , Japan         , TV-MA     ,         2017,             3,        ,         ,         129,        8.8,                  46,                 36,                   1.32,               62.7,                97.7,         1,              67634,            31539,                16.15,                        31.13, Gaming Console, Premium          , HD        ,         1528, 1479408, 474183,                     53,                  18,                4, No         , Yes             , No
       968, The Escape            , Amazon Prime, Documentary     , Crime      , French    , Brazil        , G         ,         2024,             2,        ,         ,          95,        5.2,                  74,                 84,                  58.2 ,               81.9,                56.8,         5,             160195,             1212,                12.47,                       171.7 , Tablet        , Standard         , Full HD   ,       477090,  530094,  33709,                      9,                  25,                3, No         , No              , No
       969, Deadfall              , Netflix     , Stand-Up Special, Horror     , Korean    , Mexico        , TV-14     ,         2023,             1,        ,         ,          87,        5.8,                  32,                 92,                  38.74,               25.3,                93.7,         5,              89106,            67597,                 0.23,                        26.35, Smart TV      , Basic            , Full HD   ,         3233,  666682, 428938,                      9,                  40,               13, No         , Yes             , Yes
       970, Ember Falls           , Disney+     , Mini-Series     , Romance    , French    , Mexico        , R         ,         2017,             3,       1,        8,          55,        9.4,                  26,                 71,                  47.86,               36.9,                96.8,         5,             233336,            83356,                15.24,                        70.29, Tablet        , Premium          , SD        ,       366756, 1784426, 373884,                     83,                  32,               12, Yes        , No              , Yes
       971, Blowback              , Amazon Prime, Movie           , Comedy     , Japanese  , India         , TV-14     ,         2020,             9,        ,         ,         162,        6.4,                  43,                 89,                  42.36,               94.9,                62.0,         3,              21169,            28973,                 4.17,                        89.31, Desktop       , Premium          , SD        ,       124809,   41774, 133560,                     96,                  35,                0, No         , Yes             , No
       972, The Inheritance       , HBO Max     , Series          , Action     , Mandarin  , South Korea   , TV-14     ,         2020,            12,       5,       85,          60,        8.8,                  25,                 71,                  69.99,               30.9,                51.7,         2,             233264,            65001,                30.0 ,                       196.52, Smart TV      , Basic            , HD        ,       411749,  942167, 310605,                    145,                  15,                0, No         , No              , No
       973, Broken Chains         , Paramount+  , Mini-Series     , Romance    , Spanish   , United Kingdom, TV-PG     ,         2015,             9,       1,        7,          58,        8.7,                  87,                 89,                  86.61,               16.7,                79.0,         2,             345661,            22005,                 9.12,                       155.43, Mobile        , Standard         , 4K        ,        31920,   16378, 479950,                    136,                  13,                8, No         , No              , Yes
       974, Cold Case Files       , Hulu        , Movie           , Fantasy    , Italian   , Japan         , TV-PG     ,         2016,            12,        ,         ,          89,        8.1,                  93,                 91,                  54.89,               78.7,                66.4,         3,              55119,            83021,                45.32,                        66.01, Laptop        , Basic            , HD        ,       110802, 1092444, 354826,                    129,                  35,               11, Yes        , No              , No
       975, The Pursuit of Truth  , HBO Max     , Series          , Crime      , Italian   , Germany       , R         ,         2015,            12,       1,        6,          52,        5.3,                  95,                 66,                  58.51,               51.3,                86.3,         5,             342608,            38953,                39.1 ,                        62.87, Gaming Console, Premium          , Full HD   ,       455943, 1677760, 162385,                     75,                   8,                1, No         , No              , Yes
       976, Nexus                 , Peacock     , Mini-Series     , Horror     , Hindi     , Japan         , TV-G      ,         2020,            10,       1,        3,          52,        6.2,                  53,                 61,                  32.45,               39.1,                60.2,         4,             270388,            43173,                47.74,                       127.55, Desktop       , Premium          , SD        ,       242303, 1703773, 317712,                    185,                  37,               13, No         , No              , No
       977, Deadlock City         , Paramount+  , Mini-Series     , Sci-Fi     , Portuguese, United Kingdom, TV-PG     ,         2022,             9,       1,        5,          56,        5.2,                  59,                 34,                  46.49,               54.2,                36.4,         3,             341916,            87808,                 4.94,                       137.5 , Laptop        , Standard         , 4K        ,        49290, 1845932, 482987,                    180,                  13,               10, Yes        , Yes             , No
       978, The Pursuit of Truth  , Peacock     , Stand-Up Special, Action     , French    , South Korea   , R         ,         2023,             6,        ,         ,         111,        4.1,                  44,                 82,                  55.3 ,               73.0,                30.1,         4,             174603,            89406,                38.3 ,                       145.75, Mobile        , Basic            , HD        ,       487478, 1722619, 358296,                    105,                  21,                6, Yes        , No              , Yes
       979, The Conspiracy        , Apple TV+   , Movie           , Horror     , Mandarin  , Spain         , PG-13     ,         2019,            10,        ,         ,         163,        4.3,                  37,                 46,                  23.41,               86.3,                25.8,         3,             415346,            80265,                16.52,                         7.16, Mobile        , Premium          , Full HD   ,       164657,  772154, 180719,                    182,                  29,                1, Yes        , Yes             , Yes
       980, Broken Chains 4       , Amazon Prime, Series          , Sci-Fi     , Korean    , Japan         , TV-14     ,         2024,             5,       8,      144,          29,        8.2,                  33,                 61,                  88.09,               23.4,                94.6,         1,             250404,            88735,                36.63,                       157.25, Laptop        , Standard         , SD        ,       229478, 1541387, 212462,                     31,                  10,                5, Yes        , Yes             , Yes
       981, The Pursuit           , HBO Max     , Documentary     , Animation  , Japanese  , South Korea   , G         ,         2019,             6,        ,         ,          86,        8.5,                  63,                 72,                   4.95,               83.8,                36.6,         2,             224764,              867,                25.01,                        97.71, Desktop       , Premium          , Full HD   ,       483932, 1664369, 113459,                     64,                   9,               15, No         , Yes             , Yes
       982, Rising Tide           , Peacock     , Movie           , Drama      , Portuguese, India         , R         ,         2021,            10,        ,         ,         123,        8.0,                  38,                 84,                  84.54,               75.8,                34.3,         5,              96343,            19617,                 3.15,                        89.1 , Tablet        , Premium          , SD        ,       209980,  218588, 240087,                    160,                   3,               13, No         , Yes             , Yes
       983, Nightfall             , Disney+     , Movie           , Drama      , Hindi     , Canada        , R         ,         2019,             5,        ,         ,         153,        4.2,                  75,                 90,                  84.95,              140.9,                49.8,         5,              38737,            72251,                32.47,                       137.33, Gaming Console, Basic            , SD        ,       388354, 1250566,  82612,                    152,                  25,                4, Yes        , Yes             , No
       984, The Covenant 2        , Disney+     , Series          , Sci-Fi     , English   , United States , PG-13     ,         2017,             9,       4,       80,          50,        8.1,                  43,                 88,                  74.07,               26.0,                68.4,         2,             257423,            96382,                27.1 ,                       177.88, Mobile        , Premium          , HD        ,        32628,  839441, 101467,                     43,                  11,                0, Yes        , Yes             , No
       985, Firestorm             , HBO Max     , Mini-Series     , Sci-Fi     , German    , France        , TV-14     ,         2017,            12,       1,        5,          45,        6.2,                  92,                 83,                  77.77,               39.7,                70.4,         2,             230666,            20398,                34.75,                        51.79, Tablet        , Basic            , Full HD   ,       241763,  456270, 237537,                    145,                  30,                8, No         , No              , No
       986, Midnight Sun          , HBO Max     , Documentary     , Romance    , Italian   , Spain         , TV-G      ,         2015,             7,       1,        3,         110,        6.8,                  78,                 49,                  51.89,               29.7,                60.8,         4,              71476,            67193,                39.84,                        29.75, Laptop        , Premium          , SD        ,       370954, 1350458, 396313,                    101,                  17,                3, No         , Yes             , Yes
       987, Nightfall 5           , Amazon Prime, Stand-Up Special, Sci-Fi     , English   , France        , TV-PG     ,         2021,             9,        ,         ,         140,        4.1,                  45,                 39,                  65.58,              135.5,                51.3,         2,             247437,            75658,                41.91,                       127.38, Mobile        , Standard         , HD        ,       470633,  258491, 461444,                     49,                  17,                4, No         , Yes             , No
       988, Lockdown              , Amazon Prime, Documentary     , Drama      , Spanish   , Canada        , PG        ,         2024,             9,        ,         ,         116,        4.1,                  76,                 30,                  88.45,               27.0,                20.1,         4,             408653,            94887,                34.27,                        97.44, Smart TV      , Standard         , HD        ,        20711, 1005764, 245030,                    171,                   7,                1, No         , No              , Yes
       989, The Heist             , Peacock     , Stand-Up Special, Crime      , Japanese  , Mexico        , TV-G      ,         2024,             7,        ,         ,         132,        7.8,                  57,                 82,                   8.0 ,               21.3,                96.0,         0,              18343,            74796,                46.26,                        10.72, Laptop        , Basic            , SD        ,       260286, 1164580, 386362,                     97,                   2,                5, Yes        , No              , Yes
       990, Iron Will             , HBO Max     , Stand-Up Special, Documentary, French    , Australia     , R         ,         2024,             3,        ,         ,          79,        4.5,                  42,                 90,                  34.69,               55.0,                67.0,         2,             339959,            60386,                33.74,                       130.96, Tablet        , Premium          , HD        ,       455213, 1256600, 221396,                     87,                  39,               14, No         , No              , Yes
       991, The Informant 4       , Disney+     , Movie           , Horror     , Spanish   , Germany       , TV-MA     ,         2016,             6,        ,         ,         174,        8.0,                  76,                 67,                   3.83,              141.1,                73.0,         2,              48714,            24596,                11.96,                       187.52, Desktop       , Basic            , 4K        ,       413930,  888765, 417459,                    106,                  37,               14, No         , Yes             , No
       992, Nadir                 , Apple TV+   , Mini-Series     , Documentary, Spanish   , Spain         , TV-MA     ,         2024,            11,       1,        3,          55,        6.0,                  58,                 80,                  49.09,               18.2,                41.3,         4,              18276,            67568,                 2.96,                       191.22, Tablet        , Premium          , 4K        ,        89658,  594100, 385084,                     16,                  23,               14, No         , No              , No
       993, Neon City             , Peacock     , Series          , Action     , Korean    , France        , R         ,         2020,             3,       8,      192,          28,        4.5,                  34,                 41,                  65.72,               15.7,                74.7,         2,             419787,            90830,                43.09,                       192.45, Tablet        , Standard         , 4K        ,       470371, 1073167, 319662,                    146,                  21,                7, Yes        , Yes             , Yes
       994, Deadlock              , Peacock     , Movie           , Animation  , Hindi     , United States , TV-G      ,         2018,            11,        ,         ,         110,        7.8,                  88,                 31,                  83.38,               18.8,                32.2,         5,             450062,            54865,                13.27,                        69.56, Laptop        , Premium          , HD        ,         4586,  702533, 446473,                     89,                  19,                5, No         , Yes             , Yes
       995, The Inheritance       , HBO Max     , Documentary     , Fantasy    , Korean    , Canada        , TV-MA     ,         2022,             5,        ,         ,          45,        5.6,                  94,                 61,                  88.88,               43.8,                57.6,         4,             481742,            33039,                34.13,                       197.34, Mobile        , Basic            , Full HD   ,       225378,  164773, 240139,                     51,                  32,               10, Yes        , No              , No
       996, Pulse 3               , Peacock     , Documentary     , Sci-Fi     , Mandarin  , Brazil        , TV-G      ,         2024,             9,        ,         ,         105,        5.8,                  55,                 72,                  48.76,               94.5,                79.2,         0,             123522,            36390,                 0.26,                       183.65, Mobile        , Premium          , HD        ,       218126, 1867658, 480750,                      5,                  22,               13, Yes        , No              , No
       997, Flashback             , Hulu        , Mini-Series     , Sci-Fi     , Hindi     , Brazil        , G         ,         2016,             3,       1,        5,          56,        9.4,                  56,                 67,                  45.51,               24.9,                76.1,         5,             183224,            53362,                 5.99,                       177.47, Tablet        , Standard         , 4K        ,        71407, 1479118,  69380,                    184,                  16,                1, No         , Yes             , No
       998, The Escape            , Netflix     , Mini-Series     , Thriller   , Spanish   , Germany       , G         ,         2017,            12,       1,        4,          44,        7.5,                  58,                 60,                  23.64,               21.2,                54.3,         5,              92411,            85271,                35.79,                       181.73, Smart TV      , Premium          , 4K        ,       333360, 1360522,  84919,                     77,                  20,               14, No         , No              , Yes
       999, The Inheritance       , Amazon Prime, Series          , Fantasy    , Spanish   , South Korea   , G         ,         2022,             9,       3,       69,          53,        7.0,                  26,                 80,                  39.6 ,               27.1,                88.8,         2,             326412,            66932,                16.6 ,                        80.57, Mobile        , Standard         , 4K        ,       171022, 1486248, 436941,                     80,                   6,                0, Yes        , Yes             , No
      1000, The Uprising 3        , Peacock     , Documentary     , Crime      , English   , France        , TV-MA     ,         2021,            10,        ,         ,          67,        7.0,                  40,                 98,                  94.07,               38.3,                22.8,         1,              23307,            31790,                 4.01,                        44.43, Gaming Console, Basic            , 4K        ,        47849, 1662448, 384620,                     47,                  14,                5, Yes        , Yes             , No